,,,,,,,Playing Time,,,,Performance,,,,,,,,Expected,,,,Progression,,,Per 90 Minutes,,,,,,,,,,,-additional
Rk,Player,Nation,Pos,Squad,Age,Born,MP,Starts,Min,90s,Gls,Ast,G+A,G-PK,PK,PKatt,CrdY,CrdR,xG,npxG,xAG,npxG+xAG,PrgC,PrgP,PrgR,Gls,Ast,G+A,G-PK,G+A-PK,xG,xAG,xG+xAG,npxG,npxG+xAG,Matches,-9999
1,Brenden Aaronson,us USA,MFFW,Leeds United,22-175,2000,29,26,2144,23.8,1,3,4,1,0,0,2,0,3.6,3.6,4.1,7.6,40,79,134,0.04,0.13,0.17,0.04,0.17,0.15,0.17,0.32,0.15,0.32,Matches,5bc43860
2,Che Adams,sct SCO,FW,Southampton,26-276,1996,25,22,1873,20.8,5,3,8,5,0,0,1,0,5.9,5.9,2.8,8.7,14,30,96,0.24,0.14,0.38,0.24,0.38,0.28,0.13,0.42,0.28,0.42,Matches,f2bf1b0f
3,Tyler Adams,us USA,MF,Leeds United,24-060,1999,24,24,2156,24.0,0,0,0,0,0,0,6,1,0.1,0.1,1.4,1.5,19,136,20,0.00,0.00,0.00,0.00,0.00,0.00,0.06,0.06,0.00,0.06,Matches,2b09d998
4,Tosin Adarabioyo,eng ENG,DF,Fulham,25-203,1997,16,14,1275,14.2,1,0,1,1,0,0,2,0,0.3,0.3,0.2,0.5,11,56,3,0.07,0.00,0.07,0.07,0.07,0.02,0.01,0.03,0.02,0.03,Matches,c81d773d
5,Nayef Aguerd,ma MAR,DF,West Ham,27-016,1996,12,11,1055,11.7,1,0,1,1,0,0,3,0,1.4,1.4,0.4,1.8,2,17,4,0.09,0.00,0.09,0.09,0.09,0.12,0.03,0.15,0.12,0.15,Matches,288e1e13
6,Naouirou Ahamada,fr FRA,MFFW,Crystal Palace,21-017,2002,7,0,93,1.0,0,0,0,0,0,0,1,0,0.2,0.2,0.1,0.2,1,2,11,0.00,0.00,0.00,0.00,0.00,0.15,0.07,0.22,0.15,0.22,Matches,a6c58494
7,Rayan Aït Nouri,dz ALG,DF,Wolves,21-313,2001,20,9,1031,11.5,1,0,1,1,0,0,4,0,0.7,0.7,1.0,1.7,30,43,76,0.09,0.00,0.09,0.09,0.09,0.06,0.09,0.15,0.06,0.15,Matches,9b398aea
8,Kristoffer Ajer,no NOR,DF,Brentford,24-363,1998,9,9,763,8.5,0,0,0,0,0,0,0,0,0.0,0.0,0.0,0.1,10,31,12,0.00,0.00,0.00,0.00,0.00,0.00,0.00,0.01,0.00,0.01,Matches,a8c0acb7
9,Manuel Akanji,ch SUI,DF,Manchester City,27-270,1995,22,19,1811,20.1,0,1,1,0,0,0,2,0,1.2,1.2,0.3,1.4,21,90,10,0.00,0.05,0.05,0.00,0.05,0.06,0.01,0.07,0.06,0.07,Matches,89ac64a6
10,Nathan Aké,nl NED,DF,Manchester City,28-056,1995,23,19,1683,18.7,0,0,0,0,0,0,2,0,1.0,1.0,0.6,1.6,22,128,28,0.00,0.00,0.00,0.00,0.00,0.05,0.03,0.09,0.05,0.09,Matches,eaeca114
11,Marc Albrighton,eng ENG,FWMF,Leicester City,33-148,1989,6,1,237,2.6,1,0,1,1,0,0,0,0,0.3,0.3,0.9,1.3,4,7,18,0.38,0.00,0.38,0.38,0.38,0.13,0.34,0.48,0.13,0.48,Matches,b827d5b3
12,Thiago Alcántara,es ESP,MF,Liverpool,32-004,1991,15,14,1185,13.2,0,0,0,0,0,0,2,0,0.4,0.4,1.1,1.5,12,112,23,0.00,0.00,0.00,0.00,0.00,0.03,0.08,0.11,0.03,0.11,Matches,77e84962
13,Carlos Alcaraz,ar ARG,MFFW,Southampton,20-136,2002,10,5,432,4.8,2,0,2,2,0,0,1,0,0.6,0.6,0.1,0.7,9,13,16,0.42,0.00,0.42,0.42,0.42,0.13,0.02,0.15,0.13,0.15,Matches,4abac767
14,Trent Alexander-Arnold,eng ENG,DF,Liverpool,24-190,1998,28,25,2113,23.5,1,3,4,1,0,0,4,0,1.7,1.7,6.6,8.2,33,172,115,0.04,0.13,0.17,0.04,0.17,0.07,0.28,0.35,0.07,0.35,Matches,cd1acf9d
15,Alisson,br BRA,GK,Liverpool,30-195,1992,29,29,2610,29.0,0,1,1,0,0,0,0,0,0.0,0.0,0.3,0.3,0,1,0,0.00,0.03,0.03,0.00,0.03,0.00,0.01,0.01,0.00,0.01,Matches,7a2e46a8
16,Dele Alli,eng ENG,MF,Everton,27-004,1996,2,0,40,0.4,0,0,0,0,0,0,0,0,0.0,0.0,0.0,0.0,0,1,1,0.00,0.00,0.00,0.00,0.00,0.00,0.00,0.00,0.00,0.00,Matches,cea4ee8f
17,Miguel Almirón,py PAR,FW,Newcastle Utd,29-064,1994,25,24,1978,22.0,11,1,12,11,0,0,2,0,6.1,6.1,1.6,7.7,62,106,206,0.50,0.05,0.55,0.50,0.55,0.28,0.07,0.35,0.28,0.35,Matches,862a1c15
18,Julián Álvarez,ar ARG,FWMF,Manchester City,23-074,2000,22,7,861,9.6,7,0,7,6,1,1,0,0,5.2,4.4,1.2,5.7,22,24,56,0.73,0.00,0.73,0.63,0.63,0.55,0.13,0.68,0.46,0.59,Matches,15ab5a2b
19,Daniel Amartey,gh GHA,DF,Leicester City,28-115,1994,20,18,1610,17.9,0,0,0,0,0,0,1,0,1.1,1.1,0.5,1.6,23,66,5,0.00,0.00,0.00,0.00,0.00,0.06,0.03,0.09,0.06,0.09,Matches,1a4ef233
20,Joachim Andersen,dk DEN,DF,Crystal Palace,26-319,1996,24,24,2107,23.4,1,0,1,1,0,0,6,0,1.5,1.5,1.0,2.5,5,71,6,0.04,0.00,0.04,0.04,0.04,0.06,0.04,0.11,0.06,0.11,Matches,e34fc66d
21,Elliot Anderson,sct SCO,FWMF,Newcastle Utd,20-160,2002,14,1,198,2.2,0,0,0,0,0,0,0,0,0.8,0.8,0.7,1.6,16,10,19,0.00,0.00,0.00,0.00,0.00,0.37,0.33,0.70,0.37,0.70,Matches,de31038e
22,Jaidon Anthony,eng ENG,MFFW,Bournemouth,23-135,1999,23,10,1049,11.7,3,0,3,3,0,0,2,0,2.0,2.0,0.6,2.7,23,44,64,0.26,0.00,0.26,0.26,0.26,0.18,0.05,0.23,0.18,0.23,Matches,e4238fb1
23,Michail Antonio,jm JAM,FW,West Ham,33-018,1990,26,14,1306,14.5,3,2,5,3,0,0,2,0,3.7,3.7,1.1,4.8,30,21,87,0.21,0.14,0.34,0.21,0.34,0.26,0.08,0.33,0.26,0.33,Matches,ac05f970
24,Antony,br BRA,FW,Manchester Utd,23-050,2000,17,16,1276,14.2,3,0,3,3,0,0,4,0,3.7,3.7,1.0,4.7,64,46,111,0.21,0.00,0.21,0.21,0.21,0.26,0.07,0.33,0.26,0.33,Matches,99127249
25,Cameron Archer,eng ENG,FWMF,Aston Villa,21-268,2001,6,0,49,0.5,0,0,0,0,0,0,0,0,0.0,0.0,0.0,0.0,3,0,3,0.00,0.00,0.00,0.00,0.00,0.00,0.00,0.00,0.00,0.00,Matches,05e8ca6d
26,Alphonse Areola,fr FRA,GK,West Ham,30-047,1993,5,2,309,3.4,0,0,0,0,0,0,0,0,0.0,0.0,0.0,0.0,0,0,0,0.00,0.00,0.00,0.00,0.00,0.00,0.00,0.00,0.00,0.00,Matches,2f965a72
27,Joe Aribo,ng NGA,MFFW,Southampton,26-268,1996,19,11,1094,12.2,2,0,2,2,0,0,2,0,1.4,1.4,0.8,2.2,17,35,58,0.16,0.00,0.16,0.16,0.16,0.12,0.06,0.18,0.12,0.18,Matches,328f7d51
28,Adam Armstrong,eng ENG,FW,Southampton,26-064,1997,24,12,1111,12.3,1,1,2,1,0,0,1,0,1.6,1.6,0.7,2.3,37,15,59,0.08,0.08,0.16,0.08,0.16,0.13,0.05,0.19,0.13,0.19,Matches,68c720b5
29,Stuart Armstrong,sct SCO,MFFW,Southampton,31-016,1992,25,11,1103,12.3,1,0,1,1,0,0,5,0,1.6,1.6,1.7,3.3,44,60,65,0.08,0.00,0.08,0.08,0.08,0.13,0.14,0.27,0.13,0.27,Matches,97333cf5
30,Kepa Arrizabalaga,es ESP,GK,Chelsea,28-194,1994,22,22,1935,21.5,0,0,0,0,0,0,1,0,0.0,0.0,0.0,0.0,0,0,0,0.00,0.00,0.00,0.00,0.00,0.00,0.00,0.00,0.00,0.00,Matches,28d596a0
31,Pierre-Emerick Aubameyang,ga GAB,FW,Chelsea,33-301,1989,13,4,464,5.2,1,0,1,1,0,0,1,0,0.9,0.9,0.4,1.3,8,3,24,0.19,0.00,0.19,0.19,0.19,0.18,0.08,0.26,0.18,0.26,Matches,d5dd5f1f
32,Ludwig Augustinsson,se SWE,DF,Aston Villa,28-359,1994,3,1,77,0.9,0,0,0,0,0,0,1,0,0.1,0.1,0.0,0.1,0,0,3,0.00,0.00,0.00,0.00,0.00,0.10,0.00,0.10,0.10,0.10,Matches,9fec8860
33,Serge Aurier,ci CIV,DF,Nott'ham Forest,30-112,1992,18,16,1430,15.9,1,0,1,1,0,0,2,0,0.7,0.7,1.0,1.7,33,59,42,0.06,0.00,0.06,0.06,0.06,0.05,0.06,0.11,0.05,0.11,Matches,5c2b4f07
34,Taiwo Awoniyi,ng NGA,FW,Nott'ham Forest,25-246,1997,19,9,796,8.8,4,0,4,4,0,0,1,0,4.5,4.5,1.0,5.5,11,7,36,0.45,0.00,0.45,0.45,0.45,0.51,0.11,0.62,0.51,0.62,Matches,e5478b87
35,Yasin Ayari,se SWE,MF,Brighton,19-191,2003,1,0,11,0.1,0,0,0,0,0,0,0,0,0.0,0.0,0.1,0.1,0,2,0,0.00,0.00,0.00,0.00,0.00,0.19,0.58,0.77,0.19,0.77,Matches,f173303a
36,André Ayew,gh GHA,FWMF,Nott'ham Forest,33-119,1989,9,1,262,2.9,0,0,0,0,0,1,0,0,1.0,0.3,0.0,0.3,3,6,15,0.00,0.00,0.00,0.00,0.00,0.36,0.00,0.36,0.09,0.09,Matches,5dbefa9d
37,Jordan Ayew,gh GHA,FWMF,Crystal Palace,31-216,1991,30,23,2002,22.2,3,2,5,3,0,0,3,0,2.3,2.3,2.5,4.7,56,46,119,0.13,0.09,0.22,0.13,0.22,0.10,0.11,0.21,0.10,0.21,Matches,da052c14
38,Luke Ayling,eng ENG,DF,Leeds United,31-233,1991,23,16,1514,16.8,1,1,2,1,0,0,2,0,2.0,2.0,1.6,3.6,18,58,67,0.06,0.06,0.12,0.06,0.12,0.12,0.10,0.21,0.12,0.21,Matches,420d7c7d
39,César Azpilicueta,es ESP,DF,Chelsea,33-230,1989,19,11,1106,12.3,0,0,0,0,0,0,3,0,0.3,0.3,1.0,1.3,17,59,60,0.00,0.00,0.00,0.00,0.00,0.03,0.08,0.11,0.03,0.11,Matches,53cad200
40,Benoît Badiashile,fr FRA,DF,Chelsea,22-020,2001,8,7,635,7.1,0,0,0,0,0,0,1,0,0.8,0.8,0.5,1.3,9,43,1,0.00,0.00,0.00,0.00,0.00,0.12,0.07,0.18,0.12,0.18,Matches,06df8256
41,Leon Bailey,jm JAM,FWMF,Aston Villa,25-249,1997,29,23,1735,19.3,4,3,7,4,0,0,4,0,4.9,4.9,3.6,8.5,76,26,166,0.21,0.16,0.36,0.21,0.36,0.25,0.19,0.44,0.25,0.44,Matches,3a233281
42,Stefan Bajcetic,es ESP,MF,Liverpool,18-175,2004,11,6,526,5.8,1,0,1,1,0,0,2,0,0.8,0.8,0.4,1.2,10,24,1,0.17,0.00,0.17,0.17,0.17,0.13,0.06,0.20,0.13,0.20,Matches,32e8417f
43,Patrick Bamford,eng ENG,FW,Leeds United,29-222,1993,22,13,1129,12.5,3,2,5,3,0,1,2,0,6.4,5.6,0.9,6.4,14,19,78,0.24,0.16,0.40,0.24,0.40,0.51,0.07,0.57,0.44,0.51,Matches,93feac6e
44,Shandon Baptiste,gd GRN,MF,Brentford,25-007,1998,16,4,500,5.6,0,0,0,0,0,0,3,1,0.3,0.3,0.8,1.0,8,36,22,0.00,0.00,0.00,0.00,0.00,0.05,0.14,0.19,0.05,0.19,Matches,2886c9b5
45,Harvey Barnes,eng ENG,FWMF,Leicester City,25-127,1997,28,27,2287,25.4,10,1,11,10,0,0,2,0,7.6,7.6,2.1,9.7,85,65,228,0.39,0.04,0.43,0.39,0.43,0.30,0.08,0.38,0.30,0.38,Matches,3ea50f67
46,Gavin Bazunu,ie IRL,GK,Southampton,21-054,2002,30,30,2700,30.0,0,0,0,0,0,0,0,0,0.0,0.0,0.1,0.1,0,1,0,0.00,0.00,0.00,0.00,0.00,0.00,0.00,0.00,0.00,0.00,Matches,c91441dc
47,Mads Bech Sørensen,dk DEN,DFMF,Brentford,24-098,1999,4,0,21,0.2,0,0,0,0,0,0,0,0,0.0,0.0,0.0,0.0,0,1,0,0.00,0.00,0.00,0.00,0.00,0.00,0.00,0.00,0.00,0.00,Matches,30db8574
48,Jan Bednarek,pl POL,DF,Southampton,27-003,1996,12,12,1002,11.1,0,0,0,0,0,0,2,0,0.4,0.4,0.1,0.5,3,23,2,0.00,0.00,0.00,0.00,0.00,0.03,0.01,0.04,0.03,0.04,Matches,4115ce4e
49,Jan Bednarek,pl POL,DF,Aston Villa,27-003,1996,3,1,100,1.1,0,0,0,0,0,0,0,0,0.0,0.0,0.0,0.0,1,5,0,0.00,0.00,0.00,0.00,0.00,0.00,0.00,0.00,0.00,0.00,Matches,4115ce4e
50,Donny van de Beek,nl NED,MF,Manchester Utd,25-362,1997,7,2,167,1.9,0,0,0,0,0,0,0,0,0.1,0.1,0.1,0.2,2,6,20,0.00,0.00,0.00,0.00,0.00,0.05,0.06,0.11,0.05,0.11,Matches,50dc94ce
51,Asmir Begović,ba BIH,GK,Everton,35-299,1987,1,1,90,1.0,0,0,0,0,0,0,0,0,0.0,0.0,0.0,0.0,0,0,0,0.00,0.00,0.00,0.00,0.00,0.00,0.00,0.00,0.00,0.00,Matches,7b4de647
52,Armel Bella Kotchap,de GER,DF,Southampton,21-125,2001,20,20,1572,17.5,0,1,1,0,0,0,3,0,0.9,0.9,0.5,1.5,7,33,2,0.00,0.06,0.06,0.00,0.06,0.05,0.03,0.08,0.05,0.08,Matches,a39d11bc
53,Saïd Benrahma,dz ALG,FWMF,West Ham,27-248,1995,27,17,1611,17.9,4,3,7,1,3,3,0,0,5.3,3.0,3.5,6.5,84,63,191,0.22,0.17,0.39,0.06,0.22,0.30,0.20,0.49,0.16,0.36,Matches,5a04fd92
54,Rodrigo Bentancur,uy URU,MF,Tottenham,25-294,1997,18,17,1500,16.7,5,2,7,5,0,0,8,0,2.2,2.2,0.8,3.1,26,76,19,0.30,0.12,0.42,0.30,0.42,0.13,0.05,0.18,0.13,0.18,Matches,3b8674e6
55,Victor Bernth Kristiansen,dk DEN,DF,Leicester City,20-120,2002,7,7,589,6.5,0,0,0,0,0,0,1,0,0.1,0.1,0.6,0.7,15,19,17,0.00,0.00,0.00,0.00,0.00,0.02,0.10,0.11,0.02,0.11,Matches,505486d6
56,Owen Bevan,wls WAL,DF,Bournemouth,19-171,2003,1,0,9,0.1,0,0,0,0,0,0,0,0,0.0,0.0,0.0,0.0,0,0,0,0.00,0.00,0.00,0.00,0.00,0.00,0.00,0.00,0.00,0.00,Matches,87966294
57,Giulian Biancone,fr FRA,DF,Nott'ham Forest,23-015,2000,2,0,17,0.2,0,0,0,0,0,0,0,0,0.0,0.0,0.0,0.0,2,0,1,0.00,0.00,0.00,0.00,0.00,0.00,0.00,0.00,0.00,0.00,Matches,de40e38c
58,Philip Billing,dk DEN,MFFW,Bournemouth,26-308,1996,29,27,2215,24.6,7,1,8,7,0,0,5,0,3.8,3.8,3.0,6.8,31,63,76,0.28,0.04,0.33,0.28,0.33,0.15,0.12,0.27,0.15,0.27,Matches,d328a254
59,Yves Bissouma,ml MLI,MF,Tottenham,26-228,1996,20,8,814,9.0,0,0,0,0,0,0,5,0,0.2,0.2,0.5,0.7,10,45,7,0.00,0.00,0.00,0.00,0.00,0.02,0.06,0.08,0.02,0.08,Matches,6c203af0
60,Willy Boly,ci CIV,DF,Nott'ham Forest,32-071,1991,8,8,592,6.6,0,1,1,0,0,0,2,0,0.0,0.0,0.2,0.2,1,10,0,0.00,0.15,0.15,0.00,0.15,0.00,0.03,0.03,0.00,0.03,Matches,a4ac4b8f
61,Sven Botman,nl NED,DF,Newcastle Utd,23-093,2000,27,26,2317,25.7,0,0,0,0,0,0,2,0,1.3,1.3,1.0,2.2,7,66,3,0.00,0.00,0.00,0.00,0.00,0.05,0.04,0.09,0.05,0.09,Matches,ccce7025
62,Jarrod Bowen,eng ENG,FWMF,West Ham,26-116,1996,29,29,2600,28.9,4,3,7,3,1,2,2,0,7.5,6.5,5.4,11.9,81,56,180,0.14,0.10,0.24,0.10,0.21,0.26,0.19,0.45,0.22,0.41,Matches,79c84d1c
63,James Bree,eng ENG,DF,Southampton,25-186,1997,3,2,201,2.2,0,0,0,0,0,0,0,0,0.0,0.0,0.2,0.2,3,3,11,0.00,0.00,0.00,0.00,0.00,0.00,0.10,0.10,0.00,0.10,Matches,c07b7c5c
64,Armando Broja,al ALB,FW,Chelsea,21-217,2001,12,2,294,3.3,1,0,1,1,0,0,0,0,0.8,0.8,0.1,0.9,8,4,17,0.31,0.00,0.31,0.31,0.31,0.26,0.02,0.27,0.26,0.27,Matches,97220da2
65,David Brooks,wls WAL,DFFW,Bournemouth,25-281,1997,2,0,31,0.3,0,0,0,0,0,0,0,0,0.0,0.0,0.0,0.0,0,0,1,0.00,0.00,0.00,0.00,0.00,0.11,0.00,0.11,0.11,0.11,Matches,dc4cae05
66,Lewis Brunt,eng ENG,DF,Leicester City,22-160,2000,1,0,23,0.3,0,0,0,0,0,0,0,0,0.0,0.0,0.0,0.0,0,0,2,0.00,0.00,0.00,0.00,0.00,0.00,0.00,0.00,0.00,0.00,Matches,a2081c6b
67,Bryan,es ESP,MFFW,Tottenham,22-063,2001,4,2,148,1.6,0,1,1,0,0,0,1,0,0.1,0.1,0.2,0.3,4,5,15,0.00,0.61,0.61,0.00,0.61,0.06,0.11,0.17,0.06,0.17,Matches,7b5ab7f2
68,Emi Buendía,ar ARG,MFFW,Aston Villa,26-111,1996,30,21,1872,20.8,5,1,6,5,0,0,0,0,5.0,5.0,4.2,9.1,45,114,104,0.24,0.05,0.29,0.24,0.29,0.24,0.20,0.44,0.24,0.44,Matches,66b76d44
69,Hugo Bueno,es ESP,DF,Wolves,20-209,2002,16,13,1066,11.8,0,1,1,0,0,0,1,0,0.2,0.2,0.6,0.8,43,32,56,0.00,0.08,0.08,0.00,0.08,0.01,0.05,0.07,0.01,0.07,Matches,bfc3b3a0
70,Facundo Buonanotte,ar ARG,FWMF,Brighton,18-113,2004,4,0,58,0.6,0,1,1,0,0,0,0,0,0.1,0.1,0.1,0.3,2,1,3,0.00,1.55,1.55,0.00,1.55,0.22,0.18,0.40,0.22,0.40,Matches,468a7a91
71,Dan Burn,eng ENG,DF,Newcastle Utd,30-341,1992,29,28,2474,27.5,0,0,0,0,0,0,4,0,1.2,1.2,1.2,2.4,23,85,34,0.00,0.00,0.00,0.00,0.00,0.04,0.04,0.09,0.04,0.09,Matches,b2d31e83
72,Cafú,pt POR,MF,Nott'ham Forest,30-048,1993,1,0,7,0.1,0,0,0,0,0,0,0,0,0.0,0.0,0.0,0.0,0,1,0,0.00,0.00,0.00,0.00,0.00,0.00,0.00,0.00,0.00,0.00,Matches,85322440
73,Moisés Caicedo,ec ECU,MF,Brighton,21-164,2001,27,26,2348,26.1,1,1,2,1,0,0,8,0,1.3,1.3,2.3,3.6,23,161,38,0.04,0.04,0.08,0.04,0.08,0.05,0.09,0.14,0.05,0.14,Matches,16264a81
74,Tom Cairney,sct SCO,MF,Fulham,32-085,1991,24,1,538,6.0,0,0,0,0,0,0,2,0,0.7,0.7,1.2,1.9,24,61,33,0.00,0.00,0.00,0.00,0.00,0.12,0.21,0.32,0.12,0.32,Matches,a8748947
75,Duje Ćaleta-Car,hr CRO,DF,Southampton,26-210,1996,11,8,806,9.0,0,0,0,0,0,0,2,0,0.3,0.3,0.0,0.3,3,28,0,0.00,0.00,0.00,0.00,0.00,0.03,0.00,0.04,0.03,0.04,Matches,94f8d10c
76,Dominic Calvert-Lewin,eng ENG,FW,Everton,26-030,1997,11,9,731,8.1,1,0,1,1,0,0,1,0,2.9,2.9,0.3,3.3,11,8,30,0.12,0.00,0.12,0.12,0.12,0.36,0.04,0.40,0.36,0.40,Matches,59e6e5bf
77,Chem Campbell,wls WAL,FWMF,Wolves,20-106,2002,5,0,74,0.8,0,0,0,0,0,0,0,0,0.1,0.1,0.0,0.1,2,4,10,0.00,0.00,0.00,0.00,0.00,0.12,0.00,0.12,0.12,0.12,Matches,6f711f67
78,João Cancelo,pt POR,DF,Manchester City,28-323,1994,17,16,1274,14.2,2,1,3,2,0,0,3,1,0.8,0.8,0.9,1.7,72,106,125,0.14,0.07,0.21,0.14,0.21,0.06,0.06,0.12,0.06,0.12,Matches,bd6351cd
79,Thomas Cannon,ie IRL,FW,Everton,20-108,2002,2,0,25,0.3,0,0,0,0,0,0,0,0,0.1,0.1,0.5,0.6,1,0,2,0.00,0.00,0.00,0.00,0.00,0.32,1.95,2.27,0.32,2.27,Matches,4506aec5
80,Sergi Canós,es ESP,FWDF,Brentford,26-072,1997,5,0,77,0.9,0,0,0,0,0,0,0,0,0.1,0.1,0.0,0.1,4,2,7,0.00,0.00,0.00,0.00,0.00,0.09,0.03,0.11,0.09,0.11,Matches,1137759d
81,Diego Carlos,br BRA,DF,Aston Villa,30-031,1993,2,2,179,2.0,0,0,0,0,0,0,0,0,0.4,0.4,0.0,0.4,0,10,0,0.00,0.00,0.00,0.00,0.00,0.18,0.00,0.18,0.18,0.18,Matches,b4a014b1
82,Fabio Carvalho,pt POR,MFFW,Liverpool,20-228,2002,12,4,340,3.8,2,0,2,2,0,0,0,0,1.1,1.1,0.1,1.2,7,11,26,0.53,0.00,0.53,0.53,0.53,0.29,0.03,0.32,0.29,0.32,Matches,966e28d0
83,Casemiro,br BRA,MF,Manchester Utd,31-051,1992,19,15,1338,14.9,2,3,5,2,0,0,5,2,2.1,2.1,2.0,4.1,8,89,24,0.13,0.20,0.34,0.13,0.34,0.14,0.14,0.27,0.14,0.27,Matches,4d224fe8
84,Matty Cash,pl POL,DF,Aston Villa,25-251,1997,23,18,1639,18.2,0,1,1,0,0,0,3,0,0.2,0.2,0.7,0.9,41,74,56,0.00,0.05,0.05,0.00,0.05,0.01,0.04,0.05,0.01,0.05,Matches,2389cdc2
85,Timothy Castagne,be BEL,DF,Leicester City,27-131,1995,29,28,2535,28.2,1,3,4,1,0,0,3,0,1.8,1.8,2.0,3.8,35,88,122,0.04,0.11,0.14,0.04,0.14,0.07,0.07,0.14,0.07,0.14,Matches,197640fd
86,Jonny Castro,es ESP,DF,Wolves,29-043,1994,18,14,1261,14.0,1,0,1,1,0,0,3,1,0.3,0.3,1.0,1.3,24,70,46,0.07,0.00,0.07,0.07,0.07,0.02,0.07,0.10,0.02,0.10,Matches,e28868f3
87,Julio César Enciso,py PAR,FWMF,Brighton,19-082,2004,10,0,194,2.2,1,0,1,1,0,0,1,0,1.6,1.6,0.1,1.7,7,6,15,0.46,0.00,0.46,0.46,0.46,0.75,0.05,0.80,0.75,0.80,Matches,9cfbad36
88,Nathaniel Chalobah,eng ENG,MF,Fulham,28-124,1994,4,1,12,0.1,0,0,0,0,0,0,0,1,0.1,0.1,0.0,0.1,0,0,0,0.00,0.00,0.00,0.00,0.00,0.71,0.00,0.71,0.71,0.71,Matches,422862ea
89,Trevoh Chalobah,eng ENG,DF,Chelsea,23-284,1999,17,11,1018,11.3,0,0,0,0,0,0,3,0,0.4,0.4,0.1,0.5,9,35,9,0.00,0.00,0.00,0.00,0.00,0.04,0.01,0.04,0.04,0.04,Matches,5515376c
90,Calum Chambers,eng ENG,DFMF,Aston Villa,28-085,1995,10,2,289,3.2,0,0,0,0,0,0,2,0,0.0,0.0,0.0,0.1,3,14,0,0.00,0.00,0.00,0.00,0.00,0.01,0.01,0.02,0.01,0.02,Matches,dc6f5bdd
91,Ben Chilwell,eng ENG,DFMF,Chelsea,26-115,1996,19,11,1064,11.8,2,2,4,2,0,0,3,0,1.1,1.1,2.0,3.1,34,29,115,0.17,0.17,0.34,0.17,0.34,0.10,0.16,0.26,0.10,0.26,Matches,d2424d1b
92,Ryan Christie,sct SCO,MFFW,Bournemouth,28-052,1995,24,14,1258,14.0,1,0,1,1,0,0,1,0,1.7,1.7,1.0,2.7,25,54,44,0.07,0.00,0.07,0.07,0.07,0.12,0.08,0.20,0.12,0.20,Matches,26ce2263
93,Carney Chukwuemeka,eng ENG,MFFW,Chelsea,19-177,2003,11,1,232,2.6,0,0,0,0,0,0,0,0,0.3,0.3,0.1,0.4,13,12,16,0.00,0.00,0.00,0.00,0.00,0.11,0.04,0.16,0.11,0.16,Matches,b2f9c73e
94,Bobby Clark,eng ENG,MF,Liverpool,18-067,2005,1,0,8,0.1,0,0,0,0,0,0,0,0,0.0,0.0,0.0,0.0,0,1,2,0.00,0.00,0.00,0.00,0.00,0.00,0.00,0.00,0.00,0.00,Matches,73341ace
95,Nathaniel Clyne,eng ENG,DF,Crystal Palace,32-010,1991,22,19,1640,18.2,0,0,0,0,0,0,3,0,0.0,0.0,0.7,0.7,14,52,29,0.00,0.00,0.00,0.00,0.00,0.00,0.04,0.04,0.00,0.04,Matches,0442183b
96,Conor Coady,eng ENG,DF,Everton,30-049,1993,22,22,1970,21.9,1,1,2,1,0,0,2,0,0.8,0.8,0.3,1.2,4,40,1,0.05,0.05,0.09,0.05,0.09,0.04,0.01,0.05,0.04,0.05,Matches,2928dca2
97,Jack Colback,eng ENG,MF,Nott'ham Forest,33-173,1989,11,4,497,5.5,0,0,0,0,0,0,0,0,0.0,0.0,0.2,0.2,5,16,3,0.00,0.00,0.00,0.00,0.00,0.00,0.03,0.03,0.00,0.03,Matches,963a9201
98,Séamus Coleman,ie IRL,DF,Everton,34-186,1988,22,19,1612,17.9,1,0,1,1,0,0,1,0,0.3,0.3,0.6,0.9,13,55,34,0.06,0.00,0.06,0.06,0.06,0.02,0.03,0.05,0.02,0.05,Matches,0420d84f
99,Nathan Collins,ie IRL,DF,Wolves,21-350,2001,21,17,1579,17.5,0,0,0,0,0,0,2,1,0.1,0.1,0.1,0.2,11,60,5,0.00,0.00,0.00,0.00,0.00,0.01,0.00,0.01,0.01,0.01,Matches,a8c19eb8
100,Levi Colwill,eng ENG,DF,Brighton,20-048,2003,10,8,711,7.9,0,0,0,0,0,0,0,0,0.4,0.4,0.1,0.5,11,35,3,0.00,0.00,0.00,0.00,0.00,0.05,0.02,0.06,0.05,0.06,Matches,700783e7
101,Lewis Cook,eng ENG,MF,Bournemouth,26-071,1997,23,17,1554,17.3,0,2,2,0,0,0,3,0,0.2,0.2,2.3,2.4,9,56,8,0.00,0.12,0.12,0.00,0.12,0.01,0.13,0.14,0.01,0.14,Matches,2afc7272
102,Steve Cook,eng ENG,DF,Nott'ham Forest,31-361,1991,12,11,957,10.6,0,0,0,0,0,0,4,0,0.1,0.1,0.6,0.7,1,19,0,0.00,0.00,0.00,0.00,0.00,0.01,0.05,0.07,0.01,0.07,Matches,3e5e4e63
103,Liam Cooper,sct SCO,DF,Leeds United,31-228,1991,14,12,1123,12.5,1,0,1,1,0,0,2,0,1.0,1.0,0.5,1.5,1,26,1,0.08,0.00,0.08,0.08,0.08,0.08,0.04,0.12,0.08,0.12,Matches,dc64b8b3
104,Maxwel Cornet,ci CIV,FW,West Ham,26-200,1996,8,1,125,1.4,0,0,0,0,0,0,0,0,1.0,1.0,0.1,1.1,4,4,18,0.00,0.00,0.00,0.00,0.00,0.73,0.05,0.78,0.73,0.78,Matches,beb391dd
105,Diego Costa,es ESP,FW,Wolves,34-190,1988,16,10,799,8.9,0,0,0,0,0,0,2,1,2.5,2.5,0.3,2.8,13,6,43,0.00,0.00,0.00,0.00,0.00,0.28,0.04,0.31,0.28,0.31,Matches,a190d597
106,Vladimír Coufal,cz CZE,DF,West Ham,30-236,1992,20,17,1544,17.2,0,0,0,0,0,0,4,0,0.3,0.3,1.6,1.9,44,72,79,0.00,0.00,0.00,0.00,0.00,0.01,0.09,0.11,0.01,0.11,Matches,fdf3cb77
107,Philippe Coutinho,br BRA,MFFW,Aston Villa,30-307,1992,20,7,788,8.8,1,0,1,1,0,0,3,0,1.4,1.4,0.5,1.8,18,48,68,0.11,0.00,0.11,0.11,0.11,0.16,0.05,0.21,0.16,0.21,Matches,0ef89a37
108,Conor Coventry,ie IRL,MFFW,West Ham,23-021,2000,1,0,1,0.0,0,0,0,0,0,0,0,0,0.0,0.0,0.0,0.0,0,0,0,0.00,0.00,0.00,0.00,0.00,0.00,0.00,0.00,0.00,0.00,Matches,a5ca9127
109,Aaron Cresswell,eng ENG,DF,West Ham,33-121,1989,21,18,1671,18.6,0,0,0,0,0,0,2,0,0.3,0.3,2.7,3.0,28,126,69,0.00,0.00,0.00,0.00,0.00,0.01,0.15,0.16,0.01,0.16,Matches,4f974391
110,Marc Cucurella,es ESP,DF,Chelsea,24-267,1998,24,21,1671,18.6,0,2,2,0,0,0,4,0,0.4,0.4,0.6,1.0,30,73,65,0.00,0.11,0.11,0.00,0.11,0.02,0.03,0.06,0.02,0.06,Matches,1daec722
111,Matheus Cunha,br BRA,FW,Wolves,23-323,1999,11,7,590,6.6,1,0,1,1,0,0,0,0,1.4,1.4,0.4,1.8,9,11,31,0.15,0.00,0.15,0.15,0.15,0.22,0.06,0.28,0.22,0.28,Matches,dc62b55d
112,Patson Daka,zm ZAM,FW,Leicester City,24-188,1998,23,12,969,10.8,4,3,7,4,0,0,2,0,2.8,2.8,2.5,5.3,14,16,64,0.37,0.28,0.65,0.37,0.65,0.26,0.23,0.49,0.26,0.49,Matches,ca45605e
113,Diogo Dalot,pt POR,DF,Manchester Utd,24-028,1999,20,19,1700,18.9,0,2,2,0,0,0,5,0,1.7,1.7,1.8,3.5,40,71,61,0.00,0.11,0.11,0.00,0.11,0.09,0.10,0.19,0.09,0.19,Matches,d9565625
114,Mikkel Damsgaard,dk DEN,MFFW,Brentford,22-286,2000,18,6,655,7.3,0,0,0,0,0,0,3,0,0.6,0.6,0.9,1.6,6,30,31,0.00,0.00,0.00,0.00,0.00,0.09,0.13,0.22,0.09,0.22,Matches,215f3907
115,Danilo,br BRA,MF,Nott'ham Forest,21-351,2001,6,5,365,4.1,0,1,1,0,0,0,1,0,0.3,0.3,0.3,0.5,6,19,8,0.00,0.25,0.25,0.00,0.25,0.07,0.06,0.13,0.07,0.13,Matches,a816dbfb
116,Arnaut Danjuma,nl NED,MFFW,Tottenham,26-074,1997,2,0,25,0.3,0,0,0,0,0,0,0,0,0.0,0.0,0.0,0.0,2,0,6,0.00,0.00,0.00,0.00,0.00,0.00,0.14,0.14,0.00,0.14,Matches,f08490a6
117,Josh Dasilva,eng ENG,MF,Brentford,24-174,1998,29,13,1241,13.8,3,2,5,3,0,0,1,0,1.0,1.0,1.4,2.4,51,55,49,0.22,0.15,0.36,0.22,0.36,0.07,0.10,0.18,0.07,0.18,Matches,60344e4f
118,Ben Davies,wls WAL,DF,Tottenham,29-356,1993,25,21,1831,20.3,2,2,4,2,0,0,3,0,1.0,1.0,2.3,3.3,30,96,54,0.10,0.10,0.20,0.10,0.20,0.05,0.11,0.16,0.05,0.16,Matches,44781702
119,Tom Davies,eng ENG,MF,Everton,24-289,1998,18,4,516,5.7,0,0,0,0,0,0,3,0,1.2,1.2,0.2,1.3,2,29,11,0.00,0.00,0.00,0.00,0.00,0.20,0.03,0.23,0.20,0.23,Matches,9228b07c
120,Craig Dawson,eng ENG,DF,West Ham,32-344,1990,8,8,720,8.0,0,0,0,0,0,0,2,0,0.5,0.5,0.1,0.6,0,18,1,0.00,0.00,0.00,0.00,0.00,0.06,0.01,0.07,0.06,0.07,Matches,3e9e06cb
121,Craig Dawson,eng ENG,DF,Wolves,32-344,1990,10,10,829,9.2,1,0,1,1,0,0,2,0,0.6,0.6,0.0,0.7,2,23,1,0.11,0.00,0.11,0.11,0.11,0.07,0.00,0.07,0.07,0.07,Matches,3e9e06cb
122,Kevin De Bruyne,be BEL,MF,Manchester City,31-291,1991,27,24,2118,23.5,5,14,19,5,0,0,1,0,5.0,5.0,12.2,17.1,93,214,214,0.21,0.59,0.81,0.21,0.81,0.21,0.52,0.73,0.21,0.73,Matches,e46012d4
123,Siriki Dembélé,ci CIV,FWMF,Bournemouth,26-220,1996,6,0,110,1.2,0,0,0,0,0,0,0,0,0.2,0.2,0.3,0.5,5,4,11,0.00,0.00,0.00,0.00,0.00,0.15,0.25,0.41,0.15,0.41,Matches,11f54bd5
124,Leander Dendoncker,be BEL,MF,Aston Villa,28-000,1995,15,3,385,4.3,0,0,0,0,0,0,0,0,0.0,0.0,0.5,0.5,1,10,1,0.00,0.00,0.00,0.00,0.00,0.01,0.11,0.12,0.01,0.12,Matches,5a7301ae
125,Leander Dendoncker,be BEL,MF,Wolves,28-000,1995,4,2,214,2.4,0,0,0,0,0,0,0,0,0.7,0.7,0.0,0.7,1,6,3,0.00,0.00,0.00,0.00,0.00,0.27,0.02,0.29,0.27,0.29,Matches,5a7301ae
126,Emmanuel Dennis,ng NGA,FWMF,Nott'ham Forest,25-151,1997,16,6,687,7.6,2,2,4,2,0,0,3,0,1.8,1.8,0.6,2.4,21,16,60,0.26,0.26,0.52,0.26,0.52,0.24,0.07,0.31,0.24,0.31,Matches,2c44a35d
127,Halil Dervişoğlu,tr TUR,MF,Brentford,23-128,1999,1,0,8,0.1,0,0,0,0,0,0,0,0,0.0,0.0,0.0,0.0,0,0,0,0.00,0.00,0.00,0.00,0.00,0.31,0.00,0.31,0.31,0.31,Matches,9d8cf204
128,Kiernan Dewsbury-Hall,eng ENG,MF,Leicester City,24-221,1998,27,26,2115,23.5,2,2,4,2,0,0,5,1,2.1,2.1,2.8,4.9,60,120,83,0.09,0.09,0.17,0.09,0.17,0.09,0.12,0.21,0.09,0.21,Matches,5c74c0f5
129,Ibrahima Diallo,fr FRA,MF,Southampton,24-038,1999,17,11,814,9.0,0,0,0,0,0,0,3,0,0.2,0.2,0.1,0.3,9,28,6,0.00,0.00,0.00,0.00,0.00,0.02,0.01,0.04,0.02,0.04,Matches,11ff3d56
130,Rúben Dias,pt POR,DF,Manchester City,25-336,1997,21,17,1549,17.2,0,0,0,0,0,0,2,0,1.3,1.3,0.1,1.5,8,80,1,0.00,0.00,0.00,0.00,0.00,0.08,0.01,0.09,0.08,0.09,Matches,31c69ef1
131,Luis Díaz,co COL,FW,Liverpool,26-092,1997,8,7,613,6.8,3,2,5,3,0,0,2,0,1.7,1.7,1.0,2.7,21,25,72,0.44,0.29,0.73,0.44,0.73,0.26,0.15,0.40,0.26,0.40,Matches,4a1a9578
132,Eric Dier,eng ENG,DF,Tottenham,29-090,1994,28,27,2455,27.3,2,1,3,2,0,0,3,0,1.2,1.2,1.2,2.4,8,78,12,0.07,0.04,0.11,0.07,0.11,0.04,0.04,0.09,0.04,0.09,Matches,ac861941
133,Lucas Digne,fr FRA,DF,Aston Villa,29-269,1993,22,16,1299,14.4,1,0,1,1,0,0,4,0,0.3,0.3,1.6,1.9,24,51,77,0.07,0.00,0.07,0.07,0.07,0.02,0.11,0.13,0.02,0.13,Matches,1b84dbe1
134,Issa Diop,fr FRA,DF,Fulham,26-096,1997,19,16,1506,16.7,1,0,1,1,0,0,2,0,0.3,0.3,0.0,0.3,10,57,3,0.06,0.00,0.06,0.06,0.06,0.02,0.00,0.02,0.02,0.02,Matches,a712ca2b
135,Moussa Djenepo,ml MLI,DFFW,Southampton,24-304,1998,13,6,600,6.7,0,2,2,0,0,0,0,0,0.2,0.2,0.4,0.6,24,17,34,0.00,0.30,0.30,0.00,0.30,0.03,0.06,0.09,0.03,0.09,Matches,254147d4
136,Ben Doak,sct SCO,FW,Liverpool,17-155,2005,2,0,26,0.3,0,0,0,0,0,0,0,0,0.0,0.0,0.0,0.0,1,1,4,0.00,0.00,0.00,0.00,0.00,0.00,0.00,0.00,0.00,0.00,Matches,733f1a7d
137,Matt Doherty,ie IRL,DFMF,Tottenham,31-089,1992,12,7,667,7.4,1,0,1,1,0,0,0,0,0.8,0.8,0.3,1.0,16,20,57,0.13,0.00,0.13,0.13,0.13,0.10,0.04,0.14,0.10,0.14,Matches,d557d734
138,Gabriel Dos Santos,br BRA,DF,Arsenal,25-117,1997,30,30,2695,29.9,3,0,3,3,0,0,4,0,4.3,4.3,0.2,4.5,14,130,12,0.10,0.00,0.10,0.10,0.10,0.14,0.01,0.15,0.14,0.15,Matches,67ac5bb8
139,Abdoulaye Doucouré,ml MLI,MF,Everton,30-104,1993,19,11,993,11.0,2,2,4,2,0,0,5,1,1.5,1.5,1.3,2.8,16,31,36,0.18,0.18,0.36,0.18,0.36,0.14,0.12,0.25,0.14,0.25,Matches,02b29014
140,Cheick Doucouré,ml MLI,MF,Crystal Palace,23-097,2000,27,27,2192,24.4,0,2,2,0,0,0,10,1,0.9,0.9,1.8,2.7,13,112,12,0.00,0.08,0.08,0.00,0.08,0.04,0.07,0.11,0.04,0.11,Matches,ce4f40c7
141,Flynn Downes,eng ENG,MF,West Ham,24-085,1999,15,4,478,5.3,0,0,0,0,0,0,1,0,0.3,0.3,0.0,0.4,2,12,8,0.00,0.00,0.00,0.00,0.00,0.07,0.01,0.08,0.07,0.08,Matches,69fdb896
142,Cody Drameh,eng ENG,DF,Leeds United,21-128,2001,1,1,69,0.8,0,0,0,0,0,0,0,0,0.0,0.0,0.0,0.0,0,2,3,0.00,0.00,0.00,0.00,0.00,0.00,0.00,0.00,0.00,0.00,Matches,e0d1510a
143,Martin Dúbravka,sk SVK,GK,Newcastle Utd,34-090,1989,1,0,67,0.7,0,0,0,0,0,0,0,0,0.0,0.0,0.0,0.0,0,0,0,0.00,0.00,0.00,0.00,0.00,0.00,0.00,0.00,0.00,0.00,Matches,3a949a25
144,Shane Duffy,ie IRL,FWDF,Fulham,31-104,1992,4,0,6,0.1,0,0,0,0,0,0,0,0,0.0,0.0,0.0,0.0,0,0,0,0.00,0.00,0.00,0.00,0.00,0.00,0.00,0.00,0.00,0.00,Matches,7314bba4
145,Lewis Dunk,eng ENG,DF,Brighton,31-145,1991,28,28,2519,28.0,1,0,1,1,0,0,2,0,1.6,1.6,0.7,2.3,12,113,1,0.04,0.00,0.04,0.04,0.04,0.06,0.02,0.08,0.06,0.08,Matches,282f75f3
146,Jhon Durán,co COL,FW,Aston Villa,19-123,2003,7,0,83,0.9,0,0,0,0,0,0,0,0,0.6,0.6,0.0,0.6,2,3,9,0.00,0.00,0.00,0.00,0.00,0.60,0.00,0.60,0.60,0.60,Matches,414184f7
147,Malcolm Ebiowei,eng ENG,MFFW,Crystal Palace,19-223,2003,3,0,34,0.4,0,0,0,0,0,0,0,0,0.0,0.0,0.0,0.0,2,2,9,0.00,0.00,0.00,0.00,0.00,0.00,0.00,0.00,0.00,0.00,Matches,fa9fa773
148,Ederson,br BRA,GK,Manchester City,29-241,1993,29,29,2610,29.0,0,1,1,0,0,0,2,0,0.0,0.0,0.2,0.2,0,0,0,0.00,0.03,0.03,0.00,0.03,0.00,0.01,0.01,0.00,0.01,Matches,3bb7b8b4
149,Odsonne Édouard,fr FRA,FW,Crystal Palace,25-089,1998,27,16,1435,15.9,4,2,6,4,0,0,3,0,3.8,3.8,1.1,4.9,24,32,82,0.25,0.13,0.38,0.25,0.38,0.24,0.07,0.31,0.24,0.31,Matches,0562b7f1
150,Samuel Edozie,eng ENG,FWMF,Southampton,20-077,2003,15,5,541,6.0,0,0,0,0,0,0,0,0,0.9,0.9,0.3,1.2,22,11,34,0.00,0.00,0.00,0.00,0.00,0.15,0.06,0.20,0.15,0.20,Matches,007414dd
151,Anthony Elanga,se SWE,FW,Manchester Utd,20-353,2002,16,5,426,4.7,0,1,1,0,0,0,0,0,0.7,0.7,0.9,1.6,12,8,28,0.00,0.21,0.21,0.00,0.21,0.15,0.19,0.34,0.15,0.34,Matches,2fba6108
152,Harvey Elliott,eng ENG,MFFW,Liverpool,20-011,2003,27,17,1497,16.6,1,2,3,1,0,0,1,0,1.8,1.8,3.2,5.0,47,116,122,0.06,0.12,0.18,0.06,0.18,0.11,0.19,0.30,0.11,0.30,Matches,c8387671
153,Mohamed Elneny,eg EGY,MF,Arsenal,30-278,1992,5,1,113,1.3,0,0,0,0,0,0,0,0,0.0,0.0,0.0,0.0,1,2,1,0.00,0.00,0.00,0.00,0.00,0.00,0.00,0.00,0.00,0.00,Matches,47a34c4f
154,Mohamed Elyounoussi,no NOR,MFFW,Southampton,28-254,1994,27,23,1847,20.5,0,1,1,0,0,0,3,0,2.6,2.6,2.0,4.6,46,44,91,0.00,0.05,0.05,0.00,0.05,0.13,0.10,0.23,0.13,0.23,Matches,68dc0dac
155,Emerson,br BRA,DF,Tottenham,24-091,1999,22,16,1391,15.5,2,1,3,2,0,0,2,1,1.6,1.6,0.6,2.3,42,70,95,0.13,0.06,0.19,0.13,0.19,0.10,0.04,0.15,0.10,0.15,Matches,df8b52a5
156,Christian Eriksen,dk DEN,MF,Manchester Utd,31-060,1992,20,18,1503,16.7,1,7,8,1,0,0,3,0,2.9,2.9,3.0,5.9,16,107,42,0.06,0.42,0.48,0.06,0.48,0.17,0.18,0.35,0.17,0.35,Matches,980522ec
157,Pervis Estupiñán,ec ECU,DF,Brighton,25-084,1998,25,22,1839,20.4,0,3,3,0,0,0,3,0,0.6,0.6,3.6,4.2,66,114,131,0.00,0.15,0.15,0.00,0.15,0.03,0.18,0.20,0.03,0.20,Matches,d38fdf53
158,Jonny Evans,nir NIR,DF,Leicester City,35-102,1988,10,9,811,9.0,0,0,0,0,0,0,0,0,0.2,0.2,0.0,0.2,6,31,0,0.00,0.00,0.00,0.00,0.00,0.02,0.00,0.02,0.02,0.02,Matches,f8fcd2a5
159,Eberechi Eze,eng ENG,MFFW,Crystal Palace,24-290,1998,30,22,1916,21.3,5,3,8,5,0,0,3,0,4.2,4.2,3.4,7.6,52,90,84,0.23,0.14,0.38,0.23,0.38,0.20,0.16,0.36,0.20,0.36,Matches,ae4fc6a4
160,Łukasz Fabiański,pl POL,GK,West Ham,37-362,1985,27,27,2301,25.6,0,0,0,0,0,0,0,0,0.0,0.0,0.0,0.0,0,0,0,0.00,0.00,0.00,0.00,0.00,0.00,0.00,0.00,0.00,0.00,Matches,9328b835
161,Fabinho,br BRA,MF,Liverpool,29-174,1993,27,22,1942,21.6,0,0,0,0,0,0,8,0,0.5,0.5,1.0,1.5,9,110,24,0.00,0.00,0.00,0.00,0.00,0.02,0.04,0.07,0.02,0.07,Matches,7f3b388c
162,Wout Faes,be BEL,DF,Leicester City,25-012,1998,23,23,2066,23.0,0,1,1,0,0,0,6,1,0.6,0.6,0.5,1.1,8,58,2,0.00,0.04,0.04,0.00,0.04,0.03,0.02,0.05,0.03,0.05,Matches,9c221d14
163,Felipe,br BRA,DF,Nott'ham Forest,33-334,1989,9,8,804,8.9,0,1,1,0,0,0,2,0,0.3,0.3,0.4,0.7,2,12,2,0.00,0.11,0.11,0.00,0.11,0.03,0.04,0.08,0.03,0.08,Matches,51a3c4c8
164,João Félix,pt POR,FWMF,Chelsea,23-156,1999,10,10,757,8.4,2,0,2,2,0,0,0,1,3.6,3.6,0.5,4.1,32,39,68,0.24,0.00,0.24,0.24,0.24,0.42,0.06,0.49,0.42,0.49,Matches,8aafd64f
165,Evan Ferguson,ie IRL,FW,Brighton,18-178,2004,12,6,563,6.3,4,2,6,4,0,0,1,0,3.3,3.3,0.3,3.6,6,6,37,0.64,0.32,0.96,0.64,0.96,0.52,0.05,0.57,0.52,0.57,Matches,4596da74
166,Bruno Fernandes,pt POR,MFFW,Manchester Utd,28-219,1994,28,28,2518,28.0,5,6,11,4,1,1,6,0,5.7,4.9,11.1,15.9,59,191,166,0.18,0.21,0.39,0.14,0.36,0.20,0.40,0.60,0.17,0.57,Matches,507c7bdf
167,Enzo Fernández,ar ARG,MF,Chelsea,22-088,2001,10,10,893,9.9,0,2,2,0,0,0,1,0,0.6,0.6,1.4,2.0,10,105,15,0.00,0.20,0.20,0.00,0.20,0.06,0.14,0.20,0.06,0.20,Matches,5ff4ab71
168,Roberto Firmino,br BRA,FWMF,Liverpool,31-195,1991,22,12,1129,12.5,9,4,13,9,0,0,0,0,4.7,4.7,2.3,7.0,13,76,89,0.72,0.32,1.04,0.72,1.04,0.37,0.18,0.56,0.37,0.56,Matches,4c370d81
169,Junior Firpo,es ESP,DF,Leeds United,26-236,1996,14,10,978,10.9,1,1,2,1,0,0,5,0,0.1,0.1,0.8,0.9,17,43,30,0.09,0.09,0.18,0.09,0.18,0.01,0.08,0.08,0.01,0.08,Matches,24f59bb2
170,Phil Foden,eng ENG,FW,Manchester City,22-322,2000,24,17,1406,15.6,9,5,14,9,0,0,1,0,4.8,4.8,3.0,7.8,39,62,221,0.58,0.32,0.90,0.58,0.90,0.31,0.19,0.50,0.31,0.50,Matches,ed1e53f3
171,Datro Fofana,ci CIV,FW,Chelsea,20-114,2002,2,1,61,0.7,0,0,0,0,0,0,0,0,0.2,0.2,0.1,0.4,2,1,8,0.00,0.00,0.00,0.00,0.00,0.35,0.17,0.53,0.35,0.53,Matches,e82900ef
172,Wesley Fofana,fr FRA,DF,Leicester City,22-119,2000,2,2,180,2.0,0,0,0,0,0,0,1,0,0.1,0.1,0.0,0.1,3,6,1,0.00,0.00,0.00,0.00,0.00,0.06,0.00,0.06,0.06,0.06,Matches,132a82f1
173,Wesley Fofana,fr FRA,DF,Chelsea,22-119,2000,9,7,727,8.1,1,0,1,1,0,0,2,0,0.7,0.7,0.0,0.7,22,31,9,0.12,0.00,0.12,0.12,0.12,0.09,0.00,0.09,0.09,0.09,Matches,132a82f1
174,Pablo Fornals,es ESP,FWMF,West Ham,27-052,1996,24,12,1101,12.2,1,1,2,1,0,0,0,0,1.0,1.0,1.5,2.5,23,54,73,0.08,0.08,0.16,0.08,0.16,0.08,0.12,0.20,0.08,0.20,Matches,82927de4
175,Adam Forshaw,eng ENG,MF,Leeds United,31-189,1991,5,2,159,1.8,0,0,0,0,0,0,0,0,0.0,0.0,0.5,0.5,0,8,0,0.00,0.00,0.00,0.00,0.00,0.00,0.26,0.26,0.00,0.26,Matches,9f1938ab
176,Fraser Forster,eng ENG,GK,Tottenham,35-029,1988,7,7,630,7.0,0,0,0,0,0,0,0,0,0.0,0.0,0.0,0.0,0,0,0,0.00,0.00,0.00,0.00,0.00,0.00,0.00,0.00,0.00,0.00,Matches,c3e39f12
177,Tyrese Francois,au AUS,FW,Fulham,22-273,2000,1,0,1,0.0,0,0,0,0,0,0,0,0,0.0,0.0,0.0,0.0,0,0,1,0.00,0.00,0.00,0.00,0.00,0.00,0.00,0.00,0.00,0.00,Matches,6722d4f0
178,Ryan Fraser,sct SCO,FW,Newcastle Utd,29-050,1994,8,3,313,3.5,0,0,0,0,0,0,1,0,0.3,0.3,0.4,0.7,8,9,23,0.00,0.00,0.00,0.00,0.00,0.09,0.11,0.20,0.09,0.20,Matches,d56543a0
179,Fred,br BRA,MF,Manchester Utd,30-041,1993,26,10,1013,11.3,2,1,3,2,0,0,5,0,1.9,1.9,2.0,3.8,8,56,36,0.18,0.09,0.27,0.18,0.27,0.17,0.18,0.34,0.17,0.34,Matches,b853e0ad
180,Ryan Fredericks,eng ENG,DF,Bournemouth,30-187,1992,12,5,533,5.9,0,0,0,0,0,0,1,0,0.0,0.0,0.1,0.1,13,15,28,0.00,0.00,0.00,0.00,0.00,0.00,0.02,0.02,0.00,0.02,Matches,c067631c
181,Remo Freuler,ch SUI,MF,Nott'ham Forest,31-000,1992,26,22,2022,22.5,0,0,0,0,0,0,4,0,0.4,0.4,0.8,1.2,7,51,11,0.00,0.00,0.00,0.00,0.00,0.02,0.03,0.05,0.02,0.05,Matches,98d2c2c4
182,Cody Gakpo,nl NED,FW,Liverpool,23-343,1999,12,10,841,9.3,4,0,4,4,0,0,0,0,2.9,2.9,0.6,3.6,20,22,67,0.43,0.00,0.43,0.43,0.43,0.31,0.07,0.38,0.31,0.38,Matches,1971591f
183,Conor Gallagher,eng ENG,MFFW,Chelsea,23-068,2000,27,11,1068,11.9,1,1,2,1,0,0,8,1,1.4,1.4,2.2,3.6,30,71,62,0.08,0.08,0.17,0.08,0.17,0.12,0.19,0.30,0.12,0.30,Matches,c2731c10
184,Idrissa Gana Gueye,sn SEN,MF,Everton,33-201,1989,25,24,1936,21.5,0,1,1,0,0,0,4,0,0.3,0.3,1.0,1.3,23,79,14,0.00,0.05,0.05,0.00,0.05,0.01,0.05,0.06,0.01,0.06,Matches,72c812f3
185,Alejandro Garnacho,es ESP,FWMF,Manchester Utd,18-288,2004,15,4,453,5.0,2,2,4,2,0,0,2,0,1.6,1.6,1.0,2.6,25,5,68,0.40,0.40,0.79,0.40,0.79,0.32,0.20,0.52,0.32,0.52,Matches,7aa8adfe
186,James Garner,eng ENG,MF,Everton,22-033,2001,8,0,180,2.0,0,0,0,0,0,0,1,0,0.1,0.1,0.0,0.1,1,8,3,0.00,0.00,0.00,0.00,0.00,0.04,0.00,0.04,0.04,0.04,Matches,4e015693
187,David de Gea,es ESP,GK,Manchester Utd,32-159,1990,29,29,2610,29.0,0,0,0,0,0,0,0,0,0.0,0.0,0.1,0.1,0,0,0,0.00,0.00,0.00,0.00,0.00,0.00,0.00,0.00,0.00,0.00,Matches,7ba6d84e
188,Joe Gelhardt,eng ENG,FW,Leeds United,20-346,2002,15,1,212,2.4,0,2,2,0,0,0,1,0,0.8,0.8,0.5,1.3,2,6,21,0.00,0.85,0.85,0.00,0.85,0.36,0.20,0.55,0.36,0.55,Matches,01962d0d
189,Saman Ghoddos,ir IRN,MFFW,Brentford,29-221,1993,11,0,100,1.1,0,0,0,0,0,0,0,0,0.0,0.0,0.3,0.4,0,5,3,0.00,0.00,0.00,0.00,0.00,0.04,0.30,0.34,0.04,0.34,Matches,f7b1d4e0
190,Morgan Gibbs-White,eng ENG,FWMF,Wolves,23-078,2000,2,2,180,2.0,0,0,0,0,0,0,1,0,0.7,0.7,0.1,0.8,4,12,12,0.00,0.00,0.00,0.00,0.00,0.36,0.04,0.40,0.36,0.40,Matches,32f60ed8
191,Morgan Gibbs-White,eng ENG,MFFW,Nott'ham Forest,23-078,2000,27,26,2256,25.1,2,5,7,2,0,0,3,0,3.7,3.7,6.7,10.4,51,112,130,0.08,0.20,0.28,0.08,0.28,0.15,0.27,0.42,0.15,0.42,Matches,32f60ed8
192,Billy Gilmour,sct SCO,MF,Brighton,21-308,2001,7,2,163,1.8,0,0,0,0,0,0,1,0,0.2,0.2,0.1,0.3,3,17,3,0.00,0.00,0.00,0.00,0.00,0.12,0.05,0.17,0.12,0.17,Matches,df10e27c
193,Degnand Gnonto,it ITA,FWMF,Leeds United,19-161,2003,17,12,1095,12.2,2,3,5,2,0,0,5,0,1.4,1.4,1.5,2.9,59,28,120,0.16,0.25,0.41,0.16,0.41,0.12,0.13,0.24,0.12,0.24,Matches,75fdd638
194,Ben Godfrey,eng ENG,DF,Everton,25-090,1998,10,8,646,7.2,0,1,1,0,0,0,2,0,1.2,1.2,0.2,1.4,7,11,4,0.00,0.14,0.14,0.00,0.14,0.16,0.03,0.19,0.16,0.19,Matches,9f7c837d
195,João Gomes,br BRA,MFFW,Wolves,22-062,2001,5,2,249,2.8,1,0,1,1,0,0,3,0,0.2,0.2,0.1,0.4,2,6,6,0.36,0.00,0.36,0.36,0.36,0.09,0.04,0.13,0.09,0.13,Matches,8b57ad2c
196,Toti Gomes,pt POR,DF,Wolves,24-089,1999,9,5,490,5.4,0,0,0,0,0,0,3,0,0.0,0.0,0.2,0.2,1,16,13,0.00,0.00,0.00,0.00,0.00,0.01,0.03,0.04,0.01,0.04,Matches,f0caab96
197,Joe Gomez,eng ENG,DF,Liverpool,25-327,1997,20,14,1376,15.3,0,0,0,0,0,0,3,0,0.2,0.2,0.2,0.3,15,103,4,0.00,0.00,0.00,0.00,0.00,0.01,0.01,0.02,0.01,0.02,Matches,7a11550b
198,Sergio Gómez,es ESP,DFMF,Manchester City,22-223,2000,7,0,157,1.7,0,1,1,0,0,0,0,0,0.3,0.3,0.4,0.7,3,10,14,0.00,0.57,0.57,0.00,0.57,0.14,0.23,0.38,0.14,0.38,Matches,01e5f06e
199,Anthony Gordon,eng ENG,FWMF,Newcastle Utd,22-050,2001,7,1,259,2.9,0,0,0,0,0,0,1,0,0.4,0.4,0.8,1.1,9,8,19,0.00,0.00,0.00,0.00,0.00,0.12,0.27,0.39,0.12,0.39,Matches,2bd83368
200,Anthony Gordon,eng ENG,FW,Everton,22-050,2001,16,12,1095,12.2,3,0,3,3,0,0,6,0,3.3,3.3,0.6,3.9,28,19,67,0.25,0.00,0.25,0.25,0.25,0.27,0.05,0.32,0.27,0.32,Matches,2bd83368
201,Demarai Gray,eng ENG,FWMF,Everton,26-291,1996,28,24,2189,24.3,4,1,5,2,2,2,2,0,5.3,3.8,3.7,7.5,84,44,171,0.16,0.04,0.21,0.08,0.12,0.22,0.15,0.37,0.16,0.31,Matches,4468ec10
202,Jack Grealish,eng ENG,FWMF,Manchester City,27-217,1995,23,19,1703,18.9,5,6,11,5,0,0,2,0,4.1,4.1,5.8,9.8,120,78,250,0.26,0.32,0.58,0.26,0.58,0.22,0.30,0.52,0.22,0.52,Matches,b0b4fd3e
203,Sam Greenwood,eng ENG,MFFW,Leeds United,21-079,2002,15,2,339,3.8,1,2,3,1,0,0,1,0,0.6,0.6,1.1,1.7,7,13,7,0.27,0.53,0.80,0.27,0.80,0.17,0.30,0.46,0.17,0.46,Matches,f3354c07
204,Pascal Groß,de GER,MFDF,Brighton,31-304,1991,28,28,2451,27.2,6,5,11,6,0,0,3,0,4.3,4.3,8.4,12.7,45,197,164,0.22,0.18,0.40,0.22,0.40,0.16,0.31,0.47,0.16,0.47,Matches,8aec0537
205,Vicente Guaita,es ESP,GK,Crystal Palace,36-095,1987,27,27,2430,27.0,0,0,0,0,0,0,1,0,0.0,0.0,0.0,0.0,0,1,0,0.00,0.00,0.00,0.00,0.00,0.00,0.00,0.00,0.00,0.00,Matches,ab13a5aa
206,Gonçalo Guedes,pt POR,FWMF,Wolves,26-137,1996,13,8,707,7.9,1,1,2,1,0,0,1,0,1.2,1.2,0.5,1.7,20,16,54,0.13,0.13,0.25,0.13,0.25,0.15,0.06,0.22,0.15,0.22,Matches,e6bc67d7
207,Marc Guéhi,eng ENG,DF,Crystal Palace,22-276,2000,29,29,2610,29.0,1,0,1,1,0,0,8,0,0.9,0.9,0.3,1.2,11,87,2,0.03,0.00,0.03,0.03,0.03,0.03,0.01,0.04,0.03,0.04,Matches,d0706b27
208,Bruno Guimarães,br BRA,MF,Newcastle Utd,25-150,1997,23,23,1937,21.5,3,4,7,3,0,0,4,0,1.6,1.6,2.7,4.2,27,142,26,0.14,0.19,0.33,0.14,0.33,0.07,0.12,0.20,0.07,0.20,Matches,82518f62
209,İlkay Gündoğan,de GER,MF,Manchester City,32-173,1990,26,22,1936,21.5,4,3,7,4,0,0,0,0,5.8,5.8,2.8,8.6,44,138,117,0.19,0.14,0.33,0.19,0.33,0.27,0.13,0.40,0.27,0.40,Matches,819b3158
210,Darko Gyabi,eng ENG,FW,Leeds United,19-056,2004,1,0,8,0.1,0,0,0,0,0,0,0,0,0.1,0.1,0.0,0.1,0,2,0,0.00,0.00,0.00,0.00,0.00,0.72,0.00,0.72,0.72,0.72,Matches,56d838f7
211,Erling Haaland,no NOR,FW,Manchester City,22-268,2000,27,26,2180,24.2,30,5,35,25,5,5,5,0,21.1,17.2,3.7,20.9,22,42,119,1.24,0.21,1.44,1.03,1.24,0.87,0.15,1.03,0.71,0.86,Matches,1f44ac21
212,Lewis Hall,eng ENG,DFMF,Chelsea,18-219,2004,5,4,304,3.4,0,0,0,0,0,0,1,0,0.5,0.5,0.3,0.7,10,9,19,0.00,0.00,0.00,0.00,0.00,0.14,0.08,0.22,0.14,0.22,Matches,da011f18
213,Luke Harris,wls WAL,MFFW,Fulham,18-012,2005,3,0,13,0.1,0,0,0,0,0,0,0,0,0.0,0.0,0.0,0.0,0,1,0,0.00,0.00,0.00,0.00,0.00,0.00,0.00,0.00,0.00,0.00,Matches,8c3078cd
214,Jack Harrison,eng ENG,FWMF,Leeds United,26-146,1996,28,26,2097,23.3,4,6,10,4,0,0,2,0,4.2,4.2,3.5,7.7,85,82,209,0.17,0.26,0.43,0.17,0.43,0.18,0.15,0.33,0.18,0.33,Matches,aa849a12
215,Kai Havertz,de GER,FWMF,Chelsea,23-308,1999,29,26,2218,24.6,7,1,8,6,1,1,4,0,10.4,9.6,3.4,13.0,50,73,190,0.28,0.04,0.32,0.24,0.28,0.42,0.14,0.56,0.39,0.53,Matches,fed7cb61
216,Jan Paul van Hecke,nl NED,DF,Brighton,22-311,2000,3,1,83,0.9,0,0,0,0,0,0,0,0,0.6,0.6,0.0,0.6,3,10,0,0.00,0.00,0.00,0.00,0.00,0.64,0.00,0.64,0.64,0.64,Matches,4fd08daa
217,Hwang Hee-chan,kr KOR,FW,Wolves,27-079,1996,19,9,740,8.2,1,1,2,1,0,0,1,0,1.2,1.2,1.0,2.3,17,21,40,0.12,0.12,0.24,0.12,0.24,0.15,0.12,0.28,0.15,0.28,Matches,169fd162
218,Dean Henderson,eng ENG,GK,Nott'ham Forest,26-034,1997,18,18,1620,18.0,0,0,0,0,0,0,2,0,0.0,0.0,0.0,0.0,0,0,0,0.00,0.00,0.00,0.00,0.00,0.00,0.00,0.00,0.00,0.00,Matches,e5a76dfe
219,Jordan Henderson,eng ENG,MF,Liverpool,32-302,1990,26,17,1531,17.0,0,1,1,0,0,0,2,0,1.1,1.1,1.5,2.6,25,140,45,0.00,0.06,0.06,0.00,0.06,0.06,0.09,0.15,0.06,0.15,Matches,935e6b8f
220,Wayne Hennessey,wls WAL,GK,Nott'ham Forest,36-081,1987,2,2,180,2.0,0,0,0,0,0,0,0,0,0.0,0.0,0.0,0.0,0,0,0,0.00,0.00,0.00,0.00,0.00,0.00,0.00,0.00,0.00,0.00,Matches,76eca7e2
221,Rico Henry,eng ENG,DF,Brentford,25-281,1997,29,29,2586,28.7,0,2,2,0,0,0,0,0,1.4,1.4,2.4,3.9,37,87,93,0.00,0.07,0.07,0.00,0.07,0.05,0.08,0.13,0.05,0.13,Matches,8a3c1dc7
222,Son Heung-min,kr KOR,MFFW,Tottenham,30-281,1992,28,25,2197,24.4,7,4,11,7,0,0,1,0,6.6,6.6,4.7,11.3,67,63,157,0.29,0.16,0.45,0.29,0.45,0.27,0.19,0.46,0.27,0.46,Matches,92e7e919
223,Aaron Hickey,sct SCO,DF,Brentford,20-309,2002,18,16,1334,14.8,0,0,0,0,0,0,6,0,0.2,0.2,0.2,0.4,28,55,34,0.00,0.00,0.00,0.00,0.00,0.01,0.01,0.02,0.01,0.02,Matches,1780bb4a
224,Joseph Hodge,ie IRL,MF,Wolves,20-213,2002,5,1,169,1.9,0,0,0,0,0,0,1,0,0.1,0.1,0.1,0.2,1,7,4,0.00,0.00,0.00,0.00,0.00,0.06,0.03,0.09,0.06,0.09,Matches,bd8a5d95
225,Rob Holding,eng ENG,DF,Arsenal,27-207,1995,10,3,290,3.2,0,0,0,0,0,0,0,0,0.0,0.0,0.0,0.0,2,12,1,0.00,0.00,0.00,0.00,0.00,0.01,0.00,0.01,0.01,0.01,Matches,d79a8c87
226,Mason Holgate,eng ENG,DFMF,Everton,26-175,1996,5,3,365,4.1,0,0,0,0,0,0,1,0,0.3,0.3,0.3,0.6,4,10,2,0.00,0.00,0.00,0.00,0.00,0.07,0.07,0.14,0.07,0.14,Matches,d0042ab9
227,Will Hughes,eng ENG,MF,Crystal Palace,27-363,1995,20,3,445,4.9,0,1,1,0,0,0,4,0,0.2,0.2,0.7,0.9,6,18,10,0.00,0.20,0.20,0.00,0.20,0.04,0.14,0.18,0.04,0.18,Matches,a0666d3e
228,Omari Hutchinson,eng ENG,FW,Chelsea,19-167,2003,1,0,23,0.3,0,0,0,0,0,0,0,0,0.0,0.0,0.0,0.0,1,0,1,0.00,0.00,0.00,0.00,0.00,0.00,0.00,0.00,0.00,0.00,Matches,bd9553e6
229,Pierre Højbjerg,dk DEN,MF,Tottenham,27-253,1995,29,29,2591,28.8,4,4,8,4,0,0,4,0,1.7,1.7,2.5,4.2,37,206,62,0.14,0.14,0.28,0.14,0.28,0.06,0.09,0.14,0.06,0.14,Matches,8b04d6c1
230,Kelechi Iheanacho,ng NGA,FWMF,Leicester City,26-194,1996,23,7,796,8.8,3,4,7,3,0,0,0,0,4.5,4.5,3.0,7.5,24,19,75,0.34,0.45,0.79,0.34,0.79,0.51,0.33,0.84,0.51,0.84,Matches,c92e1a31
231,Danny Ings,eng ENG,FW,West Ham,30-266,1992,10,5,482,5.4,2,0,2,2,0,0,0,0,2.2,2.2,0.2,2.4,6,6,21,0.37,0.00,0.37,0.37,0.37,0.41,0.04,0.45,0.41,0.45,Matches,07802f7f
232,Danny Ings,eng ENG,FW,Aston Villa,30-266,1992,18,8,824,9.2,6,0,6,4,2,2,3,0,5.3,3.8,1.2,5.0,15,12,46,0.66,0.00,0.66,0.44,0.44,0.59,0.13,0.71,0.41,0.54,Matches,07802f7f
233,Alexander Isak,se SWE,FW,Newcastle Utd,23-206,1999,13,9,815,9.1,8,0,8,6,2,2,2,0,6.4,4.8,0.9,5.7,16,18,63,0.88,0.00,0.88,0.66,0.66,0.70,0.10,0.80,0.53,0.63,Matches,8e92be30
234,Daniel Iversen,dk DEN,GK,Leicester City,25-270,1997,4,4,360,4.0,0,0,0,0,0,0,0,0,0.0,0.0,0.0,0.0,0,0,0,0.00,0.00,0.00,0.00,0.00,0.00,0.00,0.00,0.00,0.00,Matches,10d221cd
235,Alex Iwobi,ng NGA,MFFW,Everton,26-347,1996,30,30,2658,29.5,1,6,7,1,0,0,2,0,1.9,1.9,4.2,6.1,61,149,108,0.03,0.20,0.24,0.03,0.24,0.07,0.14,0.21,0.07,0.21,Matches,6ca5ec4b
236,Daniel James,wls WAL,FW,Leeds United,25-156,1997,4,2,198,2.2,0,0,0,0,0,0,0,0,0.3,0.3,0.3,0.6,6,3,9,0.00,0.00,0.00,0.00,0.00,0.12,0.15,0.27,0.12,0.27,Matches,c931d9f9
237,Daniel James,wls WAL,FW,Fulham,25-156,1997,15,3,404,4.5,1,0,1,1,0,0,0,0,1.4,1.4,0.3,1.7,15,13,30,0.22,0.00,0.22,0.22,0.22,0.32,0.07,0.39,0.32,0.39,Matches,c931d9f9
238,Reece James,eng ENG,DFMF,Chelsea,23-128,1999,15,14,1210,13.4,1,1,2,1,0,0,4,0,1.0,1.0,3.0,4.0,50,89,113,0.07,0.07,0.15,0.07,0.15,0.08,0.22,0.30,0.08,0.30,Matches,1265a93a
239,Vitaly Janelt,de GER,MFDF,Brentford,24-340,1998,27,17,1593,17.7,3,1,4,3,0,0,1,0,2.2,2.2,1.1,3.2,12,62,22,0.17,0.06,0.23,0.17,0.23,0.12,0.06,0.18,0.12,0.18,Matches,8449d35e
240,Pontus Jansson,se SWE,DF,Brentford,32-061,1991,12,9,724,8.0,1,0,1,1,0,0,0,0,0.3,0.3,0.0,0.3,1,14,0,0.12,0.00,0.12,0.12,0.12,0.04,0.00,0.04,0.04,0.04,Matches,172e52d8
241,Mathias Jensen,dk DEN,MF,Brentford,27-104,1996,30,30,2302,25.6,5,5,10,5,0,0,3,0,2.0,2.0,3.5,5.4,21,110,63,0.20,0.20,0.39,0.20,0.39,0.08,0.13,0.21,0.08,0.21,Matches,0f134faf
242,Gabriel Jesus,br BRA,FW,Arsenal,26-012,1997,18,16,1397,15.5,8,5,13,7,1,1,4,0,11.0,10.2,2.9,13.1,31,42,132,0.52,0.32,0.84,0.45,0.77,0.71,0.19,0.89,0.65,0.84,Matches,b66315ae
243,Raúl Jiménez,mx MEX,FW,Wolves,31-345,1991,13,7,743,8.3,0,1,1,0,0,0,0,0,2.6,2.6,1.7,4.3,5,13,44,0.00,0.12,0.12,0.00,0.12,0.31,0.21,0.52,0.31,0.52,Matches,b561db50
244,Joelinton,br BRA,MFFW,Newcastle Utd,26-244,1996,25,23,2053,22.8,4,1,5,4,0,0,11,0,5.1,5.1,1.9,6.9,46,97,118,0.18,0.04,0.22,0.18,0.22,0.22,0.08,0.30,0.22,0.30,Matches,c17bfb65
245,Ben Johnson,eng ENG,DF,West Ham,23-081,2000,13,8,744,8.3,0,0,0,0,0,0,0,0,0.0,0.0,0.2,0.3,12,36,17,0.00,0.00,0.00,0.00,0.00,0.00,0.03,0.03,0.00,0.03,Matches,9319781b
246,Brennan Johnson,wls WAL,FWMF,Nott'ham Forest,21-327,2001,30,28,2487,27.6,8,2,10,7,1,2,6,0,7.3,5.7,2.9,8.6,80,30,140,0.29,0.07,0.36,0.25,0.33,0.26,0.10,0.37,0.21,0.31,Matches,0cd31129
247,Sam Johnstone,eng ENG,GK,Crystal Palace,30-021,1993,1,1,90,1.0,0,0,0,0,0,0,0,0,0.0,0.0,0.0,0.0,0,0,0,0.00,0.00,0.00,0.00,0.00,0.00,0.00,0.00,0.00,0.00,Matches,9e5708be
248,Curtis Jones,eng ENG,MFFW,Liverpool,22-075,2001,9,3,332,3.7,0,0,0,0,0,0,2,0,0.2,0.2,0.2,0.4,10,26,22,0.00,0.00,0.00,0.00,0.00,0.05,0.06,0.11,0.05,0.11,Matches,4fb9c88f
249,Jorginho,it ITA,MF,Arsenal,31-116,1991,7,4,386,4.3,0,0,0,0,0,0,0,0,0.1,0.1,0.1,0.3,7,53,6,0.00,0.00,0.00,0.00,0.00,0.03,0.03,0.06,0.03,0.06,Matches,45db685d
250,Jorginho,it ITA,MF,Chelsea,31-116,1991,18,15,1279,14.2,2,0,2,0,2,2,4,0,1.7,0.1,0.4,0.5,13,80,10,0.14,0.00,0.14,0.00,0.00,0.12,0.03,0.14,0.01,0.03,Matches,45db685d
251,Mateo Joseph,eng ENG,FWMF,Leeds United,19-178,2003,3,0,26,0.3,0,0,0,0,0,0,0,0,0.1,0.1,0.0,0.1,0,0,2,0.00,0.00,0.00,0.00,0.00,0.40,0.00,0.40,0.40,0.40,Matches,6ad43f9a
252,Diogo Jota,pt POR,FWMF,Liverpool,26-132,1996,13,7,669,7.4,0,3,3,0,0,0,1,0,2.1,2.1,2.0,4.1,21,22,52,0.00,0.40,0.40,0.00,0.40,0.28,0.26,0.55,0.28,0.55,Matches,178ae8f8
253,Hamed Junior Traorè,ci CIV,FWMF,Bournemouth,23-058,2000,7,5,427,4.7,0,0,0,0,0,0,0,0,0.9,0.9,1.1,2.1,19,26,21,0.00,0.00,0.00,0.00,0.00,0.19,0.24,0.43,0.19,0.43,Matches,570bb4b9
254,James Justin,eng ENG,DF,Leicester City,25-051,1998,14,14,1252,13.9,0,0,0,0,0,0,0,0,0.3,0.3,0.3,0.6,20,47,50,0.00,0.00,0.00,0.00,0.00,0.02,0.02,0.05,0.02,0.05,Matches,fb614c44
255,Mathias Jørgensen,dk DEN,DF,Brentford,32-357,1990,14,8,820,9.1,0,0,0,0,0,0,1,0,0.5,0.5,0.1,0.5,1,26,1,0.00,0.00,0.00,0.00,0.00,0.05,0.01,0.06,0.05,0.06,Matches,0db5d2c8
256,Sasa Kalajdzic,at AUT,FW,Wolves,25-282,1997,1,1,45,0.5,0,0,0,0,0,0,0,0,0.3,0.3,0.0,0.3,0,0,1,0.00,0.00,0.00,0.00,0.00,0.53,0.00,0.53,0.53,0.53,Matches,15f24fe7
257,Boubacar Kamara,fr FRA,MF,Aston Villa,23-143,1999,20,19,1569,17.4,0,1,1,0,0,0,4,0,0.2,0.2,0.8,1.0,14,80,8,0.00,0.06,0.06,0.00,0.06,0.01,0.05,0.06,0.01,0.06,Matches,cc77354e
258,Harry Kane,eng ENG,FW,Tottenham,29-261,1993,30,30,2685,29.8,23,2,25,19,4,5,5,0,17.1,13.2,4.7,17.9,48,141,166,0.77,0.07,0.84,0.64,0.70,0.57,0.16,0.73,0.44,0.60,Matches,21a66f6a
259,N'Golo Kanté,fr FRA,MF,Chelsea,32-017,1991,4,3,276,3.1,0,0,0,0,0,0,0,0,0.2,0.2,1.2,1.4,12,19,13,0.00,0.00,0.00,0.00,0.00,0.07,0.39,0.46,0.07,0.46,Matches,b9fbae28
260,Michael Keane,eng ENG,DF,Everton,30-094,1993,7,6,563,6.3,1,1,2,1,0,0,0,0,0.9,0.9,0.3,1.2,0,11,1,0.16,0.16,0.32,0.16,0.32,0.15,0.04,0.19,0.15,0.19,Matches,c5b7c315
261,Neeskens Kebano,cd COD,FW,Fulham,31-036,1992,12,9,713,7.9,0,3,3,0,0,0,0,0,0.5,0.5,1.4,1.8,37,21,63,0.00,0.38,0.38,0.00,0.38,0.06,0.17,0.23,0.06,0.23,Matches,18b999f4
262,Thilo Kehrer,de GER,DF,West Ham,26-206,1996,21,21,1817,20.2,0,1,1,0,0,0,4,0,0.4,0.4,0.4,0.8,15,49,28,0.00,0.05,0.05,0.00,0.05,0.02,0.02,0.04,0.02,0.04,Matches,51dbeea9
263,Naby Keïta,gn GUI,MF,Liverpool,28-064,1995,8,3,293,3.3,0,0,0,0,0,0,1,0,0.6,0.6,0.7,1.4,5,15,21,0.00,0.00,0.00,0.00,0.00,0.20,0.22,0.41,0.20,0.41,Matches,f25c8e3a
264,Lloyd Kelly,eng ENG,DF,Bournemouth,24-191,1998,15,15,1350,15.0,0,2,2,0,0,0,3,0,0.2,0.2,0.2,0.4,7,30,1,0.00,0.13,0.13,0.00,0.13,0.01,0.01,0.03,0.01,0.03,Matches,f31def1e
265,Max Kilman,eng ENG,DF,Wolves,25-327,1997,30,30,2700,30.0,0,0,0,0,0,0,3,0,1.0,1.0,0.1,1.1,27,114,4,0.00,0.00,0.00,0.00,0.00,0.03,0.00,0.04,0.03,0.04,Matches,d0f72bf1
266,Jakub Kiwior,pl POL,DF,Arsenal,23-059,2000,2,0,16,0.2,0,0,0,0,0,0,0,0,0.0,0.0,0.0,0.0,0,0,0,0.00,0.00,0.00,0.00,0.00,0.00,0.00,0.00,0.00,0.00,Matches,dc3e663e
267,Mateusz Klich,pl POL,MFFW,Leeds United,32-306,1990,14,0,280,3.1,0,0,0,0,0,0,2,0,0.2,0.2,0.2,0.4,5,16,21,0.00,0.00,0.00,0.00,0.00,0.05,0.06,0.12,0.05,0.12,Matches,282679b4
268,Robin Koch,de GER,DF,Leeds United,26-272,1996,29,29,2545,28.3,0,0,0,0,0,0,6,0,0.8,0.8,0.1,0.9,9,90,5,0.00,0.00,0.00,0.00,0.00,0.03,0.00,0.03,0.03,0.03,Matches,ea6bc03a
269,Ibrahima Konaté,fr FRA,DF,Liverpool,23-325,1999,11,10,922,10.2,0,0,0,0,0,0,1,0,1.1,1.1,0.0,1.1,6,33,3,0.00,0.00,0.00,0.00,0.00,0.10,0.00,0.10,0.10,0.10,Matches,5ed9b537
270,Ezri Konsa,eng ENG,DF,Aston Villa,25-174,1997,30,29,2602,28.9,0,0,0,0,0,0,5,0,0.8,0.8,1.2,2.1,7,43,10,0.00,0.00,0.00,0.00,0.00,0.03,0.04,0.07,0.03,0.07,Matches,0313a347
271,Kalidou Koulibaly,sn SEN,DF,Chelsea,31-299,1991,22,20,1790,19.9,2,1,3,2,0,0,7,1,0.9,0.9,0.4,1.4,10,81,4,0.10,0.05,0.15,0.10,0.15,0.05,0.02,0.07,0.05,0.07,Matches,da974c7b
272,Cheikhou Kouyaté,sn SEN,MF,Nott'ham Forest,33-115,1989,15,10,767,8.5,1,0,1,1,0,0,3,0,0.4,0.4,0.7,1.0,6,17,12,0.12,0.00,0.12,0.12,0.12,0.04,0.08,0.12,0.04,0.12,Matches,8d3c902d
273,Mateo Kovačić,hr CRO,MF,Chelsea,28-344,1994,22,14,1428,15.9,1,1,2,1,0,0,7,0,1.7,1.7,1.8,3.5,29,132,25,0.06,0.06,0.13,0.06,0.13,0.11,0.11,0.22,0.11,0.22,Matches,79c0821a
274,Emil Krafth,se SWE,DF,Newcastle Utd,28-256,1994,1,0,1,0.0,0,0,0,0,0,0,0,0,0.0,0.0,0.0,0.0,0,0,0,0.00,0.00,0.00,0.00,0.00,0.00,0.00,0.00,0.00,0.00,Matches,77cf6852
275,Dejan Kulusevski,se SWE,MFFW,Tottenham,22-355,2000,22,18,1630,18.1,2,6,8,2,0,0,1,0,1.9,1.9,3.9,5.8,73,51,163,0.11,0.33,0.44,0.11,0.44,0.10,0.22,0.32,0.10,0.32,Matches,df3cda47
276,Layvin Kurzawa,fr FRA,DF,Fulham,30-223,1992,3,2,135,1.5,0,0,0,0,0,0,1,0,0.0,0.0,0.0,0.0,1,2,2,0.00,0.00,0.00,0.00,0.00,0.00,0.00,0.00,0.00,0.00,Matches,41e7ef1c
277,Adam Lallana,eng ENG,MFFW,Brighton,34-340,1988,16,12,722,8.0,2,1,3,2,0,0,0,0,0.9,0.9,1.0,1.9,10,33,43,0.25,0.12,0.37,0.25,0.37,0.11,0.12,0.23,0.11,0.23,Matches,99813635
278,Tariq Lamptey,gh GHA,DF,Brighton,22-197,2000,20,3,453,5.0,0,0,0,0,0,0,1,0,0.2,0.2,0.2,0.4,28,26,58,0.00,0.00,0.00,0.00,0.00,0.04,0.04,0.08,0.04,0.08,Matches,f4e433d4
279,Manuel Lanzini,ar ARG,MFFW,West Ham,30-059,1993,7,1,150,1.7,0,0,0,0,0,0,0,0,0.1,0.1,0.0,0.1,2,14,4,0.00,0.00,0.00,0.00,0.00,0.03,0.00,0.03,0.03,0.03,Matches,26f6dca8
280,Aymeric Laporte,es ESP,DF,Manchester City,28-323,1994,7,6,556,6.2,0,0,0,0,0,0,0,0,0.4,0.4,0.2,0.6,17,46,8,0.00,0.00,0.00,0.00,0.00,0.06,0.03,0.10,0.06,0.10,Matches,119b9a8e
281,Juan Larios,es ESP,DF,Southampton,19-093,2004,5,2,152,1.7,0,0,0,0,0,0,0,0,0.0,0.0,0.0,0.0,10,4,1,0.00,0.00,0.00,0.00,0.00,0.00,0.00,0.00,0.00,0.00,Matches,cf7fb13a
282,Jamaal Lascelles,eng ENG,DF,Newcastle Utd,29-155,1993,6,2,201,2.2,0,0,0,0,0,0,4,0,0.1,0.1,0.0,0.1,0,3,0,0.00,0.00,0.00,0.00,0.00,0.03,0.00,0.03,0.03,0.03,Matches,450ab6fc
283,Roméo Lavia,be BEL,MF,Southampton,19-099,2004,21,18,1541,17.1,1,0,1,1,0,0,6,0,0.3,0.3,0.5,0.7,16,75,11,0.06,0.00,0.06,0.06,0.06,0.02,0.03,0.04,0.02,0.04,Matches,ecad9aa5
284,Dexter Lembikisa,jm JAM,DF,Wolves,19-162,2003,1,0,23,0.3,0,0,0,0,0,0,0,0,0.0,0.0,0.0,0.0,2,3,3,0.00,0.00,0.00,0.00,0.00,0.00,0.00,0.00,0.00,0.00,Matches,0bdda685
285,Mario Lemina,ga GAB,MF,Wolves,29-226,1993,11,10,715,7.9,0,0,0,0,0,0,4,1,0.2,0.2,0.2,0.4,3,30,5,0.00,0.00,0.00,0.00,0.00,0.02,0.02,0.04,0.02,0.04,Matches,2b471f99
286,Clément Lenglet,fr FRA,DF,Tottenham,27-302,1995,20,18,1538,17.1,0,2,2,0,0,0,3,0,0.8,0.8,0.6,1.5,23,66,7,0.00,0.12,0.12,0.00,0.12,0.05,0.04,0.09,0.05,0.09,Matches,4f28a6ff
287,Bernd Leno,de GER,GK,Fulham,31-042,1992,27,27,2430,27.0,0,0,0,0,0,0,2,0,0.0,0.0,0.0,0.0,0,0,0,0.00,0.00,0.00,0.00,0.00,0.00,0.00,0.00,0.00,0.00,Matches,2628fd2b
288,Jefferson Lerma,co COL,MF,Bournemouth,28-172,1994,29,29,2548,28.3,3,0,3,3,0,0,5,0,2.1,2.1,1.7,3.8,16,106,22,0.11,0.00,0.11,0.11,0.11,0.07,0.06,0.13,0.07,0.13,Matches,9b5ce51a
289,Jamal Lewis,nir NIR,DF,Newcastle Utd,25-080,1998,1,0,8,0.1,0,0,0,0,0,0,0,0,0.0,0.0,0.0,0.0,0,1,1,0.00,0.00,0.00,0.00,0.00,0.00,0.00,0.00,0.00,0.00,Matches,efb9215a
290,Rico Lewis,eng ENG,DFMF,Manchester City,18-145,2004,10,6,543,6.0,0,0,0,0,0,0,1,0,0.1,0.1,0.8,0.9,18,31,14,0.00,0.00,0.00,0.00,0.00,0.02,0.14,0.16,0.02,0.16,Matches,b57e066e
291,Keane Lewis-Potter,eng ENG,FWMF,Brentford,22-052,2001,10,3,321,3.6,0,1,1,0,0,0,0,0,0.5,0.5,1.2,1.7,8,6,39,0.00,0.28,0.28,0.00,0.28,0.14,0.35,0.49,0.14,0.49,Matches,41f08ac8
292,Victor Lindelöf,se SWE,DF,Manchester Utd,28-272,1994,11,5,555,6.2,0,0,0,0,0,0,0,0,0.1,0.1,0.0,0.1,2,17,0,0.00,0.00,0.00,0.00,0.00,0.02,0.00,0.02,0.02,0.02,Matches,f5deef4c
293,Jesse Lingard,eng ENG,FWMF,Nott'ham Forest,30-121,1992,16,12,920,10.2,0,0,0,0,0,0,1,0,1.0,1.0,0.7,1.7,11,33,38,0.00,0.00,0.00,0.00,0.00,0.10,0.07,0.17,0.10,0.17,Matches,810e3c74
294,Diego Llorente,es ESP,DF,Leeds United,29-242,1993,8,7,649,7.2,0,0,0,0,0,0,1,0,0.7,0.7,0.0,0.7,2,27,1,0.00,0.00,0.00,0.00,0.00,0.10,0.00,0.10,0.10,0.10,Matches,bba30585
295,Hugo Lloris,fr FRA,GK,Tottenham,36-110,1986,23,23,2070,23.0,0,0,0,0,0,0,0,0,0.0,0.0,0.0,0.0,0,0,0,0.00,0.00,0.00,0.00,0.00,0.00,0.00,0.00,0.00,0.00,Matches,8f62b6ee
296,Renan Lodi,br BRA,DF,Nott'ham Forest,25-007,1998,20,18,1553,17.3,0,0,0,0,0,0,5,0,0.8,0.8,0.6,1.4,22,24,53,0.00,0.00,0.00,0.00,0.00,0.05,0.04,0.08,0.05,0.08,Matches,ed9f7cfe
297,Ruben Loftus-Cheek,eng ENG,MFDF,Chelsea,27-082,1996,20,17,1314,14.6,0,0,0,0,0,0,1,0,0.8,0.8,1.3,2.2,44,73,78,0.00,0.00,0.00,0.00,0.00,0.06,0.09,0.15,0.06,0.15,Matches,e97fd090
298,Sean Longstaff,eng ENG,MF,Newcastle Utd,25-167,1997,29,25,2242,24.9,1,3,4,1,0,0,2,0,3.1,3.1,2.9,6.0,21,109,97,0.04,0.12,0.16,0.04,0.16,0.12,0.12,0.24,0.12,0.24,Matches,a2b105e0
299,Jamal Lowe,jm JAM,MFFW,Bournemouth,28-268,1994,2,0,12,0.1,0,0,0,0,0,0,0,0,0.0,0.0,0.0,0.0,0,1,0,0.00,0.00,0.00,0.00,0.00,0.00,0.00,0.00,0.00,0.00,Matches,b2856bc0
300,Douglas Luiz,br BRA,MF,Aston Villa,24-341,1998,29,25,2216,24.6,3,5,8,3,0,0,4,1,1.9,1.9,3.0,4.9,35,109,26,0.12,0.20,0.32,0.12,0.32,0.08,0.12,0.20,0.08,0.20,Matches,6f7d826d
301,Saša Lukić,rs SRB,MF,Fulham,26-245,1996,5,2,219,2.4,0,0,0,0,0,0,1,0,0.0,0.0,0.0,0.0,4,9,5,0.00,0.00,0.00,0.00,0.00,0.02,0.00,0.02,0.02,0.02,Matches,c6e8cf1f
302,Lyanco,br BRA,DF,Southampton,26-073,1997,14,7,698,7.8,0,0,0,0,0,0,4,0,0.3,0.3,0.1,0.3,5,20,2,0.00,0.00,0.00,0.00,0.00,0.03,0.01,0.04,0.03,0.04,Matches,b5bf1770
303,Alexis Mac Allister,ar ARG,MF,Brighton,24-112,1998,25,24,2156,24.0,8,1,9,3,5,5,7,0,8.9,5.0,2.7,7.7,47,125,55,0.33,0.04,0.38,0.13,0.17,0.37,0.11,0.48,0.21,0.32,Matches,83d074ff
304,James Maddison,eng ENG,MFFW,Leicester City,26-143,1996,23,22,1895,21.1,9,6,15,9,0,0,8,0,4.5,4.5,6.5,11.0,53,118,111,0.43,0.28,0.71,0.43,0.71,0.21,0.31,0.52,0.21,0.52,Matches,ee38d9c5
305,Noni Madueke,eng ENG,FWDF,Chelsea,21-036,2002,5,2,216,2.4,0,0,0,0,0,0,0,0,0.1,0.1,0.3,0.4,10,10,31,0.00,0.00,0.00,0.00,0.00,0.06,0.11,0.17,0.06,0.17,Matches,bf34eebd
306,Harry Maguire,eng ENG,DF,Manchester Utd,30-041,1993,12,6,572,6.4,0,0,0,0,0,0,3,0,0.3,0.3,0.0,0.4,7,19,4,0.00,0.00,0.00,0.00,0.00,0.05,0.00,0.06,0.05,0.06,Matches,d8931174
307,Riyad Mahrez,dz ALG,FWMF,Manchester City,32-053,1991,21,14,1206,13.4,5,5,10,4,1,1,2,0,4.9,4.1,4.6,8.7,55,59,176,0.37,0.37,0.75,0.30,0.67,0.37,0.34,0.71,0.31,0.65,Matches,892d5bb1
308,Kobbie Mainoo,eng ENG,MF,Manchester Utd,17-361,2005,1,0,11,0.1,0,0,0,0,0,0,0,0,0.0,0.0,0.0,0.0,2,1,1,0.00,0.00,0.00,0.00,0.00,0.00,0.00,0.00,0.00,0.00,Matches,c6220452
309,Ainsley Maitland-Niles,eng ENG,DFMF,Southampton,25-229,1997,17,10,1070,11.9,0,0,0,0,0,0,3,0,0.0,0.0,0.6,0.6,11,43,13,0.00,0.00,0.00,0.00,0.00,0.00,0.05,0.05,0.00,0.05,Matches,e3a5814e
310,Tyrell Malacia,nl NED,DF,Manchester Utd,23-241,1999,17,11,1064,11.8,0,0,0,0,0,0,3,0,0.2,0.2,0.3,0.6,18,30,26,0.00,0.00,0.00,0.00,0.00,0.02,0.03,0.05,0.02,0.05,Matches,6b6c793c
311,Orel Mangala,be BEL,MF,Nott'ham Forest,25-028,1998,19,13,923,10.3,1,0,1,1,0,0,2,0,0.5,0.5,0.1,0.6,11,31,7,0.10,0.00,0.10,0.10,0.10,0.05,0.01,0.06,0.05,0.06,Matches,a572e291
312,Javier Manquillo,es ESP,DF,Newcastle Utd,28-345,1994,2,0,15,0.2,0,0,0,0,0,0,0,0,0.0,0.0,0.0,0.0,2,1,1,0.00,0.00,0.00,0.00,0.00,0.00,0.00,0.00,0.00,0.00,Matches,758dd7f0
313,Sekou Mara,fr FRA,FWMF,Southampton,20-259,2002,21,4,526,5.8,1,2,3,1,0,0,1,0,1.0,1.0,0.8,1.8,7,7,26,0.17,0.34,0.51,0.17,0.51,0.18,0.13,0.31,0.18,0.31,Matches,3544641e
314,Solly March,eng ENG,FWDF,Brighton,28-269,1994,28,28,2420,26.9,7,6,13,7,0,0,2,0,7.5,7.5,7.4,14.9,94,122,312,0.26,0.22,0.48,0.26,0.48,0.28,0.27,0.55,0.28,0.55,Matches,bb5fbd2b
315,Emiliano Marcondes,dk DEN,MF,Bournemouth,28-037,1995,1,0,9,0.1,0,0,0,0,0,0,0,0,0.0,0.0,0.0,0.0,0,1,0,0.00,0.00,0.00,0.00,0.00,0.00,0.00,0.00,0.00,0.00,Matches,4d960fc3
316,Marquinhos,br BRA,MF,Arsenal,20-008,2003,1,0,1,0.0,0,0,0,0,0,0,0,0,0.0,0.0,0.0,0.0,0,0,0,0.00,0.00,0.00,0.00,0.00,0.00,0.00,0.00,0.00,0.00,Matches,59878425
317,Anthony Martial,fr FRA,FW,Manchester Utd,27-131,1995,12,6,538,6.0,4,2,6,3,1,1,0,0,3.4,2.6,1.1,3.7,8,18,37,0.67,0.33,1.00,0.50,0.84,0.57,0.18,0.75,0.44,0.62,Matches,8b788c01
318,Martinelli,br BRA,FW,Arsenal,21-301,2001,30,29,2432,27.0,14,4,18,14,0,0,3,0,8.5,8.5,6.8,15.3,113,86,311,0.52,0.15,0.67,0.52,0.67,0.31,0.25,0.57,0.31,0.57,Matches,48a5a5d6
319,Emiliano Martínez,ar ARG,GK,Aston Villa,30-225,1992,28,28,2464,27.4,0,0,0,0,0,0,5,0,0.0,0.0,0.3,0.3,0,0,0,0.00,0.00,0.00,0.00,0.00,0.00,0.01,0.01,0.00,0.01,Matches,7956236f
320,Lisandro Martínez,ar ARG,DF,Manchester Utd,25-087,1998,27,24,2114,23.5,1,0,1,1,0,0,6,0,0.5,0.5,0.3,0.8,12,83,2,0.04,0.00,0.04,0.04,0.04,0.02,0.01,0.03,0.02,0.03,Matches,bac46a10
321,Pape Matar Sarr,sn SEN,MF,Tottenham,20-213,2002,8,1,147,1.6,0,0,0,0,0,0,1,0,0.1,0.1,0.0,0.1,1,11,0,0.00,0.00,0.00,0.00,0.00,0.04,0.01,0.05,0.04,0.05,Matches,feb5d972
322,Jean-Philippe Mateta,fr FRA,FW,Crystal Palace,25-291,1997,24,6,712,7.9,2,0,2,2,0,0,3,0,3.2,3.2,0.6,3.9,7,6,38,0.25,0.00,0.25,0.25,0.25,0.41,0.08,0.49,0.41,0.49,Matches,50e6dc35
323,Joël Matip,cm CMR,DF,Liverpool,31-250,1991,12,10,912,10.1,0,0,0,0,0,0,3,0,0.1,0.1,0.3,0.3,26,47,1,0.00,0.00,0.00,0.00,0.00,0.01,0.03,0.03,0.01,0.03,Matches,b217ef29
324,Neal Maupay,fr FRA,FW,Everton,26-244,1996,21,10,968,10.8,1,0,1,1,0,0,3,0,3.8,3.8,0.5,4.4,7,9,52,0.09,0.00,0.09,0.09,0.09,0.36,0.05,0.41,0.36,0.41,Matches,4bcf39f6
325,Kevin Mbabu,ch SUI,DFFW,Fulham,27-361,1995,6,1,144,1.6,0,1,1,0,0,0,1,0,0.0,0.0,0.4,0.4,4,8,11,0.00,0.62,0.62,0.00,0.62,0.00,0.25,0.25,0.00,0.25,Matches,493924a7
326,Bryan Mbeumo,cm CMR,FW,Brentford,23-251,1999,30,29,2249,25.0,5,5,10,4,1,1,4,0,6.9,6.2,5.0,11.1,46,67,182,0.20,0.20,0.40,0.16,0.36,0.28,0.20,0.48,0.25,0.44,Matches,6afaebf2
327,James McArthur,sct SCO,MF,Crystal Palace,35-190,1987,2,0,21,0.2,0,0,0,0,0,0,0,0,0.0,0.0,0.0,0.0,0,0,0,0.00,0.00,0.00,0.00,0.00,0.00,0.00,0.00,0.00,0.00,Matches,cee31595
328,John McGinn,sct SCO,MF,Aston Villa,28-179,1994,26,22,1973,21.9,1,2,3,1,0,0,5,0,1.9,1.9,2.1,4.0,19,98,49,0.05,0.09,0.14,0.05,0.14,0.08,0.10,0.18,0.08,0.18,Matches,90f91999
329,Scott McKenna,sct SCO,DF,Nott'ham Forest,26-154,1996,18,17,1462,16.2,0,0,0,0,0,0,4,0,0.1,0.1,0.8,0.9,5,33,1,0.00,0.00,0.00,0.00,0.00,0.00,0.05,0.05,0.00,0.05,Matches,4e5a4cbc
330,Weston McKennie,us USA,MF,Leeds United,24-230,1998,11,8,786,8.7,0,0,0,0,0,0,5,0,0.4,0.4,0.3,0.7,9,54,15,0.00,0.00,0.00,0.00,0.00,0.05,0.03,0.08,0.05,0.08,Matches,01c3aff5
331,Dwight McNeil,eng ENG,FWMF,Everton,23-144,1999,28,20,1778,19.8,3,2,5,3,0,0,5,0,1.3,1.3,3.8,5.2,53,49,97,0.15,0.10,0.25,0.15,0.25,0.07,0.19,0.26,0.07,0.26,Matches,fc15fb84
332,Scott McTominay,sct SCO,MF,Manchester Utd,26-128,1996,21,10,1126,12.5,1,0,1,1,0,0,7,0,1.3,1.3,0.5,1.8,19,30,19,0.08,0.00,0.08,0.08,0.08,0.10,0.04,0.14,0.10,0.14,Matches,d93c2511
333,Ben Mee,eng ENG,DF,Brentford,33-206,1989,29,29,2549,28.3,3,0,3,3,0,0,2,0,1.9,1.9,0.3,2.2,5,56,13,0.11,0.00,0.11,0.11,0.11,0.07,0.01,0.08,0.07,0.08,Matches,8df7a2fb
334,Edouard Mendy,sn SEN,GK,Chelsea,31-045,1992,9,8,765,8.5,0,0,0,0,0,0,1,0,0.0,0.0,0.0,0.0,0,0,0,0.00,0.00,0.00,0.00,0.00,0.00,0.00,0.00,0.00,0.00,Matches,33887998
335,Nampalys Mendy,sn SEN,MF,Leicester City,30-296,1992,15,7,700,7.8,1,0,1,1,0,0,1,0,0.1,0.1,0.0,0.2,2,28,4,0.13,0.00,0.13,0.13,0.13,0.02,0.00,0.02,0.02,0.02,Matches,1598599e
336,Chris Mepham,wls WAL,DF,Bournemouth,25-161,1997,22,20,1839,20.4,0,0,0,0,0,0,7,0,0.6,0.6,0.2,0.8,1,33,1,0.00,0.00,0.00,0.00,0.00,0.03,0.01,0.04,0.03,0.04,Matches,fed96827
337,Illan Meslier,fr FRA,GK,Leeds United,23-044,2000,30,30,2700,30.0,0,0,0,0,0,0,3,0,0.1,0.1,0.0,0.1,0,0,0,0.00,0.00,0.00,0.00,0.00,0.00,0.00,0.00,0.00,0.00,Matches,6b625ac2
338,Alexander Mighten,eng ENG,FW,Nott'ham Forest,21-004,2002,1,0,8,0.1,0,0,0,0,0,0,0,0,0.0,0.0,0.0,0.0,0,0,1,0.00,0.00,0.00,0.00,0.00,0.00,0.00,0.00,0.00,0.00,Matches,10ec4169
339,Luka Milivojević,rs SRB,MF,Crystal Palace,32-008,1991,14,4,428,4.8,0,0,0,0,0,0,1,0,0.2,0.2,0.2,0.4,2,16,2,0.00,0.00,0.00,0.00,0.00,0.05,0.04,0.09,0.05,0.09,Matches,2ce2508a
340,James Milner,eng ENG,MFDF,Liverpool,37-101,1986,22,6,740,8.2,0,1,1,0,0,0,1,0,0.4,0.4,0.8,1.2,17,55,64,0.00,0.12,0.12,0.00,0.12,0.05,0.10,0.15,0.05,0.15,Matches,2f90f6b8
341,Yerry Mina,co COL,DF,Everton,28-204,1994,3,3,234,2.6,1,0,1,1,0,0,1,0,0.2,0.2,0.0,0.2,1,7,1,0.38,0.00,0.38,0.38,0.38,0.09,0.00,0.09,0.09,0.09,Matches,6d5701f2
342,Tyrone Mings,eng ENG,DF,Aston Villa,30-033,1993,27,27,2430,27.0,0,2,2,0,0,0,4,0,0.5,0.5,1.4,1.9,13,78,6,0.00,0.07,0.07,0.00,0.07,0.02,0.05,0.07,0.02,0.07,Matches,8397a50c
343,Tyrick Mitchell,eng ENG,DF,Crystal Palace,23-226,1999,28,26,2171,24.1,0,2,2,0,0,0,4,1,0.5,0.5,1.0,1.5,19,76,66,0.00,0.08,0.08,0.00,0.08,0.02,0.04,0.06,0.02,0.06,Matches,5cbd1eb0
344,Kaoru Mitoma,jp JPN,FWMF,Brighton,25-330,1997,23,16,1539,17.1,7,4,11,7,0,0,0,0,4.2,4.2,4.5,8.7,91,67,170,0.41,0.23,0.64,0.41,0.64,0.24,0.26,0.51,0.24,0.51,Matches,74618572
345,Aleksandar Mitrović,rs SRB,FW,Fulham,28-211,1994,21,21,1813,20.1,11,1,12,8,3,6,6,0,12.3,7.6,2.1,9.8,19,41,91,0.55,0.05,0.60,0.40,0.45,0.61,0.11,0.72,0.38,0.49,Matches,3925dbd6
346,Kieffer Moore,wls WAL,FW,Bournemouth,30-250,1992,21,12,1120,12.4,4,0,4,4,0,0,0,0,3.2,3.2,0.3,3.5,10,20,44,0.32,0.00,0.32,0.32,0.32,0.26,0.02,0.28,0.26,0.28,Matches,01ce9e70
347,Andrew Moran,ie IRL,FW,Brighton,19-182,2003,1,0,12,0.1,0,0,0,0,0,0,0,0,0.0,0.0,0.0,0.0,0,0,1,0.00,0.00,0.00,0.00,0.00,0.00,0.00,0.00,0.00,0.00,Matches,c4720845
348,Álex Moreno,es ESP,DF,Aston Villa,29-311,1993,12,8,838,9.3,0,2,2,0,0,0,3,0,0.5,0.5,1.8,2.3,36,19,79,0.00,0.21,0.21,0.00,0.21,0.05,0.19,0.24,0.05,0.24,Matches,16e9d0ea
349,Mason Mount,eng ENG,MFFW,Chelsea,24-095,1999,23,20,1631,18.1,3,2,5,3,0,0,4,0,2.0,2.0,3.0,5.0,47,97,113,0.17,0.11,0.28,0.17,0.28,0.11,0.17,0.27,0.11,0.27,Matches,9674002f
350,Lucas Moura,br BRA,MFDF,Tottenham,30-245,1992,12,0,126,1.4,0,0,0,0,0,0,0,1,0.1,0.1,0.3,0.3,3,9,11,0.00,0.00,0.00,0.00,0.00,0.06,0.18,0.24,0.06,0.24,Matches,2b622f01
351,João Moutinho,pt POR,MF,Wolves,36-219,1986,28,20,1728,19.2,0,2,2,0,0,0,3,0,1.3,1.3,2.5,3.8,19,129,29,0.00,0.10,0.10,0.00,0.10,0.07,0.13,0.20,0.07,0.20,Matches,f5a00fa4
352,Divin Mubama,eng ENG,FW,West Ham,18-172,2004,1,0,4,0.0,0,0,0,0,0,0,0,0,0.0,0.0,0.0,0.0,0,0,0,0.00,0.00,0.00,0.00,0.00,0.00,0.00,0.00,0.00,0.00,Matches,92868cb5
353,Mykhailo Mudryk,ua UKR,FWMF,Chelsea,22-100,2001,9,4,355,3.9,0,1,1,0,0,0,0,0,1.0,1.0,0.2,1.2,7,10,20,0.00,0.25,0.25,0.00,0.25,0.26,0.04,0.30,0.26,0.30,Matches,049a888d
354,Jacob Murphy,eng ENG,FW,Newcastle Utd,28-050,1995,29,10,940,10.4,1,2,3,1,0,0,0,0,1.5,1.5,2.5,4.0,46,48,103,0.10,0.19,0.29,0.10,0.29,0.14,0.24,0.38,0.14,0.38,Matches,de112b84
355,Enock Mwepu,zm ZAM,FWMF,Brighton,25-104,1998,6,2,213,2.4,0,1,1,0,0,0,0,0,0.2,0.2,0.5,0.7,5,6,17,0.00,0.42,0.42,0.00,0.42,0.09,0.20,0.29,0.09,0.29,Matches,1d5cab82
356,Vitaliy Mykolenko,ua UKR,DFMF,Everton,23-321,1999,29,25,2205,24.5,0,0,0,0,0,0,3,0,0.5,0.5,1.2,1.7,30,90,61,0.00,0.00,0.00,0.00,0.00,0.02,0.05,0.07,0.02,0.07,Matches,30d4a2e5
357,Keylor Navas,cr CRC,GK,Nott'ham Forest,36-121,1986,10,10,900,10.0,0,0,0,0,0,0,1,0,0.0,0.0,0.0,0.0,0,1,0,0.00,0.00,0.00,0.00,0.00,0.00,0.00,0.00,0.00,0.00,Matches,ecada4fc
358,Wilfred Ndidi,ng NGA,MFDF,Leicester City,26-120,1996,21,15,1330,14.8,0,0,0,0,0,0,4,0,0.2,0.2,0.1,0.2,9,46,5,0.00,0.00,0.00,0.00,0.00,0.01,0.00,0.02,0.01,0.02,Matches,6b47c5db
359,Reiss Nelson,eng ENG,FW,Arsenal,23-126,1999,4,0,106,1.2,3,2,5,3,0,0,0,0,0.7,0.7,0.5,1.3,11,2,20,2.55,1.70,4.25,2.55,4.25,0.62,0.46,1.07,0.62,1.07,Matches,c5bdb6e3
360,Neto,br BRA,GK,Bournemouth,33-270,1989,20,20,1755,19.5,0,0,0,0,0,0,4,0,0.0,0.0,0.0,0.0,0,0,0,0.00,0.00,0.00,0.00,0.00,0.00,0.00,0.00,0.00,0.00,Matches,a9dc785c
361,Pedro Neto,pt POR,FWMF,Wolves,23-037,2000,12,10,744,8.3,0,0,0,0,0,0,1,0,1.0,1.0,1.4,2.4,32,20,96,0.00,0.00,0.00,0.00,0.00,0.12,0.17,0.29,0.12,0.29,Matches,7ba2eaa9
362,Rúben Neves,pt POR,MF,Wolves,26-033,1997,28,28,2482,27.6,5,0,5,3,2,2,10,0,4.1,2.5,1.1,3.6,23,189,15,0.18,0.00,0.18,0.11,0.11,0.15,0.04,0.19,0.09,0.13,Matches,44bfb6c5
363,Moussa Niakhate,sn SEN,DF,Nott'ham Forest,27-038,1996,6,6,520,5.8,0,0,0,0,0,0,0,0,0.3,0.3,0.1,0.4,1,7,1,0.00,0.00,0.00,0.00,0.00,0.05,0.02,0.06,0.05,0.06,Matches,00242715
364,Rasmus Nissen,dk DEN,DF,Leeds United,25-278,1997,19,14,1330,14.8,2,1,3,2,0,0,4,0,0.7,0.7,1.0,1.7,13,55,63,0.14,0.07,0.20,0.14,0.20,0.05,0.07,0.12,0.05,0.12,Matches,39769cff
365,Eddie Nketiah,eng ENG,FW,Arsenal,23-320,1999,23,9,1001,11.1,4,1,5,4,0,0,2,0,7.4,7.4,1.1,8.6,31,15,72,0.36,0.09,0.45,0.36,0.45,0.67,0.10,0.77,0.67,0.77,Matches,a53649b7
366,Matheus Nunes,pt POR,MF,Wolves,24-231,1998,26,23,1874,20.8,1,1,2,1,0,0,1,1,2.1,2.1,1.9,4.0,46,64,96,0.05,0.05,0.10,0.05,0.10,0.10,0.09,0.19,0.10,0.19,Matches,e6af02e0
367,Darwin Núñez,uy URU,FW,Liverpool,23-295,1999,23,17,1477,16.4,8,3,11,8,0,0,1,1,10.8,10.8,5.3,16.0,54,27,157,0.49,0.18,0.67,0.49,0.67,0.66,0.32,0.98,0.66,0.98,Matches,4d77b365
368,Ethan Nwaneri,eng ENG,FW,Arsenal,16-025,2007,1,0,1,0.0,0,0,0,0,0,0,0,0,0.0,0.0,0.0,0.0,0,0,0,0.00,0.00,0.00,0.00,0.00,0.00,0.00,0.00,0.00,0.00,Matches,7f94982c
369,Christian Nørgaard,dk DEN,MF,Brentford,29-036,1994,20,19,1628,18.1,1,3,4,1,0,0,5,0,1.4,1.4,3.1,4.5,4,67,8,0.06,0.17,0.22,0.06,0.22,0.08,0.17,0.25,0.08,0.25,Matches,df0a4c90
370,Lewis O'Brien,eng ENG,MF,Nott'ham Forest,24-183,1998,13,6,584,6.5,1,0,1,1,0,0,2,0,0.3,0.3,0.2,0.5,13,21,3,0.15,0.00,0.15,0.15,0.15,0.05,0.03,0.08,0.05,0.08,Matches,089667a5
371,Angelo Ogbonna,it ITA,DF,West Ham,34-327,1988,11,9,805,8.9,0,0,0,0,0,0,0,0,0.3,0.3,0.2,0.4,0,4,1,0.00,0.00,0.00,0.00,0.00,0.03,0.02,0.05,0.03,0.05,Matches,74b2cd7e
372,Michael Olise,fr FRA,FWMF,Crystal Palace,21-124,2001,29,23,2030,22.6,2,8,10,2,0,0,2,0,2.4,2.4,6.4,8.8,76,96,169,0.09,0.35,0.44,0.09,0.44,0.10,0.28,0.39,0.10,0.39,Matches,c4486bac
373,Robin Olsen,se SWE,GK,Aston Villa,33-097,1990,3,2,236,2.6,0,0,0,0,0,0,0,0,0.0,0.0,0.0,0.0,0,0,0,0.00,0.00,0.00,0.00,0.00,0.00,0.00,0.00,0.00,0.00,Matches,e7ee38c3
374,Amadou Onana,be BEL,MF,Everton,21-242,2001,28,26,2206,24.5,1,1,2,1,0,0,7,0,2.9,2.9,2.1,5.0,24,61,42,0.04,0.04,0.08,0.04,0.08,0.12,0.09,0.21,0.12,0.21,Matches,828657ff
375,Josh Onomah,eng ENG,MF,Fulham,25-353,1997,2,0,15,0.2,0,0,0,0,0,0,0,0,0.0,0.0,0.0,0.0,1,0,0,0.00,0.00,0.00,0.00,0.00,0.00,0.00,0.00,0.00,0.00,Matches,6612cd8c
376,Paul Onuachu,ng NGA,FW,Southampton,28-322,1994,7,3,288,3.2,0,0,0,0,0,0,0,0,0.3,0.3,0.1,0.4,0,5,19,0.00,0.00,0.00,0.00,0.00,0.08,0.04,0.13,0.08,0.13,Matches,c06d1086
377,Frank Onyeka,ng NGA,MF,Brentford,25-104,1998,14,4,505,5.6,0,1,1,0,0,0,0,0,0.4,0.4,0.5,0.9,3,20,11,0.00,0.18,0.18,0.00,0.18,0.06,0.10,0.16,0.06,0.16,Matches,2944f86f
378,Mislav Oršić,hr CRO,MF,Southampton,30-107,1992,1,0,7,0.1,0,0,0,0,0,0,0,0,0.0,0.0,0.0,0.0,0,0,0,0.00,0.00,0.00,0.00,0.00,0.00,0.00,0.00,0.00,0.00,Matches,ee950928
379,Dango Ouattara,bf BFA,MFFW,Bournemouth,21-063,2002,11,11,831,9.2,0,3,3,0,0,0,1,0,2.5,2.5,1.7,4.2,25,15,59,0.00,0.32,0.32,0.00,0.32,0.27,0.19,0.45,0.27,0.45,Matches,2f9e4435
380,Alex Oxlade-Chamberlain,eng ENG,FWMF,Liverpool,29-243,1993,9,4,335,3.7,1,0,1,1,0,0,0,0,1.3,1.3,0.9,2.2,11,14,28,0.27,0.00,0.27,0.27,0.27,0.35,0.23,0.58,0.35,0.58,Matches,38c7feef
381,David Ozoh,,FW,Crystal Palace,17-319,2005,1,0,1,0.0,0,0,0,0,0,0,0,0,0.0,0.0,0.0,0.0,0,0,0,0.00,0.00,0.00,0.00,0.00,0.00,0.00,0.00,0.00,0.00,Matches,d00d45ab
382,João Palhinha,pt POR,MF,Fulham,27-280,1995,26,26,2312,25.7,3,0,3,3,0,0,10,0,2.3,2.3,0.3,2.6,5,80,17,0.12,0.00,0.12,0.12,0.12,0.09,0.01,0.10,0.09,0.10,Matches,a78ff07f
383,Cole Palmer,eng ENG,FWMF,Manchester City,20-344,2002,10,0,121,1.3,0,0,0,0,0,0,1,0,0.1,0.1,0.2,0.3,9,7,19,0.00,0.00,0.00,0.00,0.00,0.05,0.13,0.19,0.05,0.19,Matches,dc7f8a28
384,Emerson Palmieri,it ITA,DF,West Ham,28-255,1994,16,12,984,10.9,1,0,1,1,0,0,2,0,0.7,0.7,0.6,1.3,32,35,42,0.09,0.00,0.09,0.09,0.09,0.06,0.06,0.12,0.06,0.12,Matches,e0bc6fdc
385,Lucas Paquetá,br BRA,MF,West Ham,25-231,1997,20,19,1492,16.6,2,2,4,1,1,1,4,0,3.6,2.8,1.3,4.1,11,101,46,0.12,0.12,0.24,0.06,0.18,0.22,0.08,0.29,0.17,0.25,Matches,9b6f7fd5
386,Thomas Partey,gh GHA,MF,Arsenal,29-306,1993,25,23,2010,22.3,3,0,3,3,0,0,2,0,2.0,2.0,1.3,3.3,22,179,22,0.13,0.00,0.13,0.13,0.13,0.09,0.06,0.15,0.09,0.15,Matches,529f49ab
387,Nathan Patterson,sct SCO,DFMF,Everton,21-181,2001,14,11,992,11.0,0,0,0,0,0,0,3,0,0.5,0.5,0.4,0.9,13,20,42,0.00,0.00,0.00,0.00,0.00,0.04,0.03,0.08,0.04,0.08,Matches,230f0471
388,Ben Pearson,eng ENG,MF,Bournemouth,28-101,1995,7,3,286,3.2,0,0,0,0,0,0,1,0,0.0,0.0,0.0,0.0,2,5,4,0.00,0.00,0.00,0.00,0.00,0.01,0.00,0.01,0.01,0.01,Matches,a6b461e7
389,Facundo Pellistri,uy URU,FWMF,Manchester Utd,21-116,2001,3,0,57,0.6,0,0,0,0,0,0,0,0,0.0,0.0,0.0,0.0,0,0,2,0.00,0.00,0.00,0.00,0.00,0.00,0.00,0.00,0.00,0.00,Matches,ac7e7b1c
390,Andreas Pereira,br BRA,MF,Fulham,27-104,1996,29,29,2405,26.7,3,6,9,2,1,1,8,0,5.6,4.8,5.1,9.9,50,112,125,0.11,0.22,0.34,0.07,0.30,0.21,0.19,0.40,0.18,0.37,Matches,6639e500
391,Ricardo Pereira,pt POR,DFMF,Leicester City,29-191,1993,8,4,387,4.3,1,1,2,1,0,0,1,0,0.1,0.1,0.5,0.6,5,25,14,0.23,0.23,0.47,0.23,0.47,0.03,0.11,0.14,0.03,0.14,Matches,75a72a99
392,Ayoze Pérez,es ESP,MFFW,Leicester City,29-260,1993,8,3,382,4.2,0,1,1,0,0,0,0,0,1.1,1.1,1.5,2.6,17,20,43,0.00,0.24,0.24,0.00,0.24,0.27,0.35,0.62,0.27,0.62,Matches,819aa8e7
393,Ivan Perišić,hr CRO,DFMF,Tottenham,34-072,1989,28,19,1756,19.5,1,6,7,1,0,0,5,0,2.3,2.3,4.6,6.8,71,54,156,0.05,0.31,0.36,0.05,0.36,0.12,0.23,0.35,0.12,0.35,Matches,6fe90922
394,Romain Perraud,fr FRA,DF,Southampton,25-205,1997,27,20,1710,19.0,2,2,4,2,0,0,3,0,1.3,1.3,1.8,3.1,29,59,121,0.11,0.11,0.21,0.11,0.21,0.07,0.10,0.16,0.07,0.16,Matches,6dfd8f05
395,Máximo Perrone,ar ARG,MF,Manchester City,20-098,2003,1,0,19,0.2,0,0,0,0,0,0,0,0,0.0,0.0,0.0,0.0,0,2,1,0.00,0.00,0.00,0.00,0.00,0.00,0.00,0.00,0.00,0.00,Matches,53552942
396,Kalvin Phillips,eng ENG,MF,Manchester City,27-134,1995,6,0,71,0.8,0,0,0,0,0,0,1,0,0.1,0.1,0.0,0.2,0,4,0,0.00,0.00,0.00,0.00,0.00,0.13,0.06,0.19,0.13,0.19,Matches,4f565d77
397,Nathaniel Phillips,eng ENG,DF,Liverpool,26-025,1997,2,1,66,0.7,0,0,0,0,0,0,0,0,0.0,0.0,0.0,0.0,0,9,0,0.00,0.00,0.00,0.00,0.00,0.06,0.00,0.06,0.06,0.06,Matches,515ebe8d
398,Jordan Pickford,eng ENG,GK,Everton,29-039,1994,29,29,2610,29.0,0,1,1,0,0,0,5,0,0.0,0.0,0.1,0.1,0,1,0,0.00,0.03,0.03,0.00,0.03,0.00,0.01,0.01,0.00,0.01,Matches,4806ec67
399,Ethan Pinnock,jm JAM,DF,Brentford,29-321,1993,22,22,1980,22.0,2,0,2,2,0,0,0,0,2.3,2.3,0.9,3.2,1,37,12,0.09,0.00,0.09,0.09,0.09,0.11,0.04,0.15,0.11,0.15,Matches,e541326e
400,Daniel Podence,pt POR,FWMF,Wolves,27-176,1995,28,19,1616,18.0,6,0,6,6,0,0,5,0,3.5,3.5,2.3,5.8,40,88,138,0.33,0.00,0.33,0.33,0.33,0.20,0.13,0.32,0.20,0.32,Matches,7fcc71d8
401,Nick Pope,eng ENG,GK,Newcastle Utd,30-361,1992,29,29,2541,28.2,0,0,0,0,0,0,3,1,0.0,0.0,0.0,0.0,0,1,0,0.00,0.00,0.00,0.00,0.00,0.00,0.00,0.00,0.00,0.00,Matches,4b40d9ca
402,Pedro Porro,es ESP,DF,Tottenham,23-214,1999,7,6,511,5.7,1,1,2,1,0,0,0,0,1.1,1.1,1.0,2.0,14,21,49,0.18,0.18,0.35,0.18,0.35,0.19,0.17,0.36,0.19,0.36,Matches,27d0a506
403,Dennis Praet,be BEL,MFFW,Leicester City,28-336,1994,17,5,549,6.1,1,0,1,1,0,0,1,0,0.6,0.6,0.3,0.9,13,14,36,0.16,0.00,0.16,0.16,0.16,0.10,0.06,0.15,0.10,0.15,Matches,86695068
404,Isaac Price,nir NIR,MF,Everton,19-201,2003,1,0,33,0.4,0,0,0,0,0,0,1,0,0.0,0.0,0.1,0.1,1,1,0,0.00,0.00,0.00,0.00,0.00,0.00,0.26,0.26,0.00,0.26,Matches,b9403c99
405,Christian Pulisic,us USA,FWDF,Chelsea,24-209,1998,20,7,730,8.1,1,1,2,1,0,0,1,0,1.3,1.3,0.7,2.0,32,21,70,0.12,0.12,0.25,0.12,0.25,0.16,0.08,0.24,0.16,0.24,Matches,1bf33a9a
406,Aaron Ramsdale,eng ENG,GK,Arsenal,24-336,1998,30,30,2700,30.0,0,0,0,0,0,0,1,0,0.0,0.0,0.0,0.0,0,7,0,0.00,0.00,0.00,0.00,0.00,0.00,0.00,0.00,0.00,0.00,Matches,466fb2c5
407,Jacob Ramsey,eng ENG,MFFW,Aston Villa,21-322,2001,27,23,1936,21.5,3,4,7,3,0,0,4,0,2.1,2.1,2.6,4.7,66,81,81,0.14,0.19,0.33,0.14,0.33,0.10,0.12,0.22,0.10,0.22,Matches,1544f145
408,Marcus Rashford,eng ENG,FW,Manchester Utd,25-166,1997,29,27,2386,26.5,15,4,19,15,0,0,2,0,11.8,11.8,2.8,14.6,66,62,194,0.57,0.15,0.72,0.57,0.72,0.45,0.11,0.55,0.45,0.55,Matches,a1d5bd30
409,David Raya,es ESP,GK,Brentford,27-212,1995,30,30,2700,30.0,0,0,0,0,0,0,1,0,0.1,0.1,0.1,0.3,0,11,0,0.00,0.00,0.00,0.00,0.00,0.00,0.00,0.01,0.00,0.01,Matches,98ea5115
410,Tim Ream,us USA,DF,Fulham,35-192,1987,29,29,2607,29.0,1,0,1,1,0,0,2,0,0.3,0.3,0.1,0.3,25,125,1,0.03,0.00,0.03,0.03,0.03,0.01,0.00,0.01,0.01,0.01,Matches,28b40c9c
411,Nathan Redmond,eng ENG,DF,Southampton,29-040,1994,1,0,1,0.0,0,0,0,0,0,0,0,0,0.0,0.0,0.0,0.0,0,0,1,0.00,0.00,0.00,0.00,0.00,0.00,0.00,0.00,0.00,0.00,Matches,ab651565
412,Harrison Reed,eng ENG,MF,Fulham,28-078,1995,28,28,2243,24.9,2,2,4,2,0,0,5,0,1.3,1.3,2.4,3.7,25,82,76,0.08,0.08,0.16,0.08,0.16,0.05,0.10,0.15,0.05,0.15,Matches,803ae100
413,Bobby Reid,jm JAM,FWDF,Fulham,30-072,1993,28,27,2171,24.1,4,1,5,4,0,0,7,0,3.8,3.8,1.6,5.4,44,52,161,0.17,0.04,0.21,0.17,0.21,0.16,0.07,0.22,0.16,0.22,Matches,0f7533cd
414,Declan Rice,eng ENG,MF,West Ham,24-091,1999,29,29,2610,29.0,2,1,3,2,0,1,5,0,1.9,1.1,3.0,4.1,73,187,30,0.07,0.03,0.10,0.07,0.10,0.07,0.10,0.17,0.04,0.14,Matches,1c7012b8
415,Chris Richards,us USA,DF,Crystal Palace,23-018,2000,8,3,357,4.0,0,0,0,0,0,0,0,0,0.7,0.7,0.3,1.0,2,9,1,0.00,0.00,0.00,0.00,0.00,0.18,0.06,0.25,0.18,0.25,Matches,0a3d6d2b
416,Richarlison,br BRA,MFFW,Tottenham,25-340,1997,19,9,751,8.3,0,3,3,0,0,0,2,0,2.2,2.2,1.8,4.0,23,24,60,0.00,0.36,0.36,0.00,0.36,0.27,0.22,0.48,0.27,0.48,Matches,fa031b34
417,Jaïro Riedewald,nl NED,DFFW,Crystal Palace,26-218,1996,4,0,49,0.5,0,0,0,0,0,0,0,0,0.0,0.0,0.0,0.0,1,0,1,0.00,0.00,0.00,0.00,0.00,0.00,0.00,0.00,0.00,0.00,Matches,7a1f2c08
418,Matt Ritchie,sct SCO,FWMF,Newcastle Utd,33-217,1989,6,0,38,0.4,0,0,0,0,0,0,0,0,0.0,0.0,0.1,0.1,0,0,6,0.00,0.00,0.00,0.00,0.00,0.00,0.25,0.25,0.00,0.25,Matches,71ef519e
419,Andrew Robertson,sct SCO,DF,Liverpool,29-035,1994,26,22,1956,21.7,0,6,6,0,0,0,3,0,1.3,1.3,4.9,6.2,55,111,164,0.00,0.28,0.28,0.00,0.28,0.06,0.22,0.29,0.06,0.29,Matches,2e4f5f03
420,Antonee Robinson,us USA,DF,Fulham,25-250,1997,26,26,2278,25.3,0,1,1,0,0,0,7,0,0.1,0.1,1.1,1.2,82,100,121,0.00,0.04,0.04,0.00,0.04,0.00,0.05,0.05,0.00,0.05,Matches,289601e6
421,Marc Roca,es ESP,MF,Leeds United,26-140,1996,26,24,1891,21.0,1,2,3,1,0,0,5,0,1.2,1.2,2.2,3.4,18,145,22,0.05,0.10,0.14,0.05,0.14,0.06,0.10,0.16,0.06,0.16,Matches,da27e268
422,Marek Rodák,sk SVK,GK,Fulham,26-123,1996,2,2,180,2.0,0,0,0,0,0,0,0,0,0.0,0.0,0.0,0.0,0,0,0,0.00,0.00,0.00,0.00,0.00,0.00,0.00,0.00,0.00,0.00,Matches,17acc2ed
423,Rodri,es ESP,MF,Manchester City,26-297,1996,28,28,2399,26.7,2,5,7,2,0,0,4,0,4.0,4.0,3.9,8.0,66,226,35,0.08,0.19,0.26,0.08,0.26,0.15,0.15,0.30,0.15,0.30,Matches,6434f10d
424,Rodrigo,es ESP,FWMF,Leeds United,32-040,1991,23,17,1419,15.8,11,1,12,10,1,1,3,0,6.9,6.1,1.5,7.6,35,38,117,0.70,0.06,0.76,0.63,0.70,0.44,0.10,0.53,0.39,0.48,Matches,1fb1c435
425,Mads Roerslev,dk DEN,DF,Brentford,23-295,1999,16,11,1008,11.2,0,0,0,0,0,0,0,0,0.3,0.3,1.0,1.3,8,17,33,0.00,0.00,0.00,0.00,0.00,0.03,0.09,0.12,0.03,0.12,Matches,57c94db2
426,Cristian Romero,ar ARG,DF,Tottenham,24-353,1998,21,20,1824,20.3,0,0,0,0,0,0,9,1,0.8,0.8,0.3,1.0,17,73,7,0.00,0.00,0.00,0.00,0.00,0.04,0.01,0.05,0.04,0.05,Matches,a3d94a58
427,Oriol Romeu,es ESP,MF,Southampton,31-203,1991,1,1,74,0.8,0,0,0,0,0,0,0,0,0.0,0.0,0.0,0.0,2,4,0,0.00,0.00,0.00,0.00,0.00,0.00,0.00,0.00,0.00,0.00,Matches,4b511457
428,Cristiano Ronaldo,pt POR,FW,Manchester Utd,38-069,1985,10,4,525,5.8,1,0,1,1,0,0,2,0,1.9,1.9,0.4,2.3,9,12,33,0.17,0.00,0.17,0.17,0.17,0.32,0.07,0.40,0.32,0.40,Matches,dea698d9
429,Connor Ronan,ie IRL,MF,Wolves,25-040,1998,1,0,1,0.0,0,0,0,0,0,0,0,0,0.0,0.0,0.0,0.0,0,0,1,0.00,0.00,0.00,0.00,0.00,0.00,0.00,0.00,0.00,0.00,Matches,1b804500
430,Salomón Rondón,ve VEN,FW,Everton,33-211,1989,7,1,109,1.2,0,0,0,0,0,0,0,0,0.8,0.8,0.2,1.0,0,1,7,0.00,0.00,0.00,0.00,0.00,0.66,0.13,0.79,0.66,0.79,Matches,b318a643
431,Joe Rothwell,eng ENG,MF,Bournemouth,28-094,1995,14,6,581,6.5,0,1,1,0,0,0,1,0,0.1,0.1,0.9,1.0,3,18,5,0.00,0.15,0.15,0.00,0.15,0.02,0.14,0.15,0.02,0.15,Matches,10a10454
432,Georginio Rutter,fr FRA,FWMF,Leeds United,20-360,2002,9,1,217,2.4,0,0,0,0,0,0,0,0,0.3,0.3,0.1,0.4,5,4,13,0.00,0.00,0.00,0.00,0.00,0.12,0.06,0.18,0.12,0.18,Matches,c64c01fc
433,José Sá,pt POR,GK,Wolves,30-088,1993,30,30,2700,30.0,0,0,0,0,0,0,0,0,0.0,0.0,0.0,0.0,0,0,0,0.00,0.00,0.00,0.00,0.00,0.00,0.00,0.00,0.00,0.00,Matches,903b6e8b
434,Marcel Sabitzer,at AUT,MF,Manchester Utd,29-029,1994,8,6,510,5.7,0,1,1,0,0,0,1,0,0.6,0.6,0.8,1.5,8,33,18,0.00,0.18,0.18,0.00,0.18,0.11,0.14,0.26,0.11,0.26,Matches,e280527c
435,Allan Saint-Maximin,fr FRA,FW,Newcastle Utd,26-034,1997,20,11,997,11.1,1,5,6,1,0,0,1,0,1.5,1.5,3.8,5.3,73,58,99,0.09,0.45,0.54,0.09,0.54,0.13,0.34,0.48,0.13,0.48,Matches,2b16cb1a
436,Bukayo Saka,eng ENG,FW,Arsenal,21-222,2001,30,29,2524,28.0,12,10,22,10,2,2,6,0,8.8,7.4,7.3,14.7,138,84,414,0.43,0.36,0.78,0.36,0.71,0.32,0.26,0.58,0.26,0.53,Matches,bc7dc64d
437,Mohamed Salah,eg EGY,FW,Liverpool,30-304,1992,29,28,2500,27.8,13,7,20,13,0,2,2,0,15.2,13.6,5.6,19.2,79,101,297,0.47,0.25,0.72,0.47,0.72,0.55,0.20,0.75,0.49,0.69,Matches,e342ad68
438,William Saliba,fr FRA,DF,Arsenal,22-022,2001,27,27,2415,26.8,2,1,3,2,0,0,4,0,0.9,0.9,1.2,2.1,13,99,2,0.07,0.04,0.11,0.07,0.11,0.03,0.04,0.08,0.03,0.08,Matches,972aeb2a
439,Mohammed Salisu,gh GHA,DF,Southampton,23-363,1999,22,21,1973,21.9,0,1,1,0,0,0,5,0,1.5,1.5,0.6,2.1,5,82,4,0.00,0.05,0.05,0.00,0.05,0.07,0.03,0.10,0.07,0.10,Matches,0b33f6ad
440,Albert Sambi Lokonga,be BEL,MF,Arsenal,23-175,1999,6,2,198,2.2,0,0,0,0,0,0,0,0,0.0,0.0,0.0,0.0,0,12,2,0.00,0.00,0.00,0.00,0.00,0.00,0.01,0.01,0.00,0.01,Matches,1b4f1169
441,Albert Sambi Lokonga,be BEL,MF,Crystal Palace,23-175,1999,7,5,466,5.2,0,0,0,0,0,0,1,0,0.0,0.0,0.0,0.0,2,17,2,0.00,0.00,0.00,0.00,0.00,0.00,0.01,0.01,0.00,0.01,Matches,1b4f1169
442,Davinson Sánchez,co COL,DF,Tottenham,26-307,1996,14,6,587,6.5,0,0,0,0,0,0,1,0,0.3,0.3,0.1,0.4,4,25,3,0.00,0.00,0.00,0.00,0.00,0.05,0.01,0.06,0.05,0.06,Matches,da7b447d
443,Robert Sánchez,es ESP,GK,Brighton,25-148,1997,22,22,1980,22.0,0,0,0,0,0,0,1,0,0.0,0.0,0.0,0.0,0,0,0,0.00,0.00,0.00,0.00,0.00,0.00,0.00,0.00,0.00,0.00,Matches,6a713852
444,Jadon Sancho,eng ENG,FWMF,Manchester Utd,23-021,2000,17,14,1098,12.2,4,2,6,4,0,0,0,0,2.6,2.6,2.2,4.9,49,49,100,0.33,0.16,0.49,0.33,0.49,0.22,0.18,0.40,0.22,0.40,Matches,dbf053da
445,Morgan Sanson,fr FRA,MF,Aston Villa,28-240,1994,2,0,11,0.1,0,0,0,0,0,0,0,0,0.0,0.0,0.0,0.0,0,1,0,0.00,0.00,0.00,0.00,0.00,0.00,0.00,0.00,0.00,0.00,Matches,6e7f1353
446,Pablo Sarabia,es ESP,FWMF,Wolves,30-339,1992,10,6,576,6.4,1,0,1,1,0,0,3,0,2.7,2.7,0.7,3.4,10,31,41,0.16,0.00,0.16,0.16,0.16,0.43,0.11,0.54,0.43,0.54,Matches,9744ff80
447,Jeremy Sarmiento,ec ECU,MF,Brighton,20-303,2002,9,1,176,2.0,0,1,1,0,0,0,1,0,0.3,0.3,0.2,0.5,5,11,20,0.00,0.51,0.51,0.00,0.51,0.17,0.11,0.28,0.17,0.28,Matches,ac0d576d
448,Gianluca Scamacca,it ITA,FW,West Ham,24-104,1999,16,11,926,10.3,3,0,3,3,0,0,3,0,2.5,2.5,0.7,3.1,13,17,48,0.29,0.00,0.29,0.29,0.29,0.24,0.07,0.31,0.24,0.31,Matches,8790f988
449,Gustavo Scarpa,br BRA,MFFW,Nott'ham Forest,29-100,1994,6,2,181,2.0,0,0,0,0,0,0,1,0,0.3,0.3,0.0,0.3,9,12,4,0.00,0.00,0.00,0.00,0.00,0.13,0.02,0.14,0.13,0.14,Matches,2964fd20
450,Kevin Schade,de GER,FWMF,Brentford,21-139,2001,10,2,311,3.5,0,1,1,0,0,0,1,0,1.0,1.0,0.6,1.6,13,3,25,0.00,0.29,0.29,0.00,0.29,0.28,0.18,0.45,0.28,0.45,Matches,52afb588
451,Fabian Schär,ch SUI,DF,Newcastle Utd,31-116,1991,27,27,2413,26.8,1,1,2,1,0,0,4,0,3.6,3.6,2.0,5.7,22,109,19,0.04,0.04,0.07,0.04,0.07,0.14,0.08,0.21,0.14,0.21,Matches,c8aa95da
452,Jeffrey Schlupp,gh GHA,MFFW,Crystal Palace,30-113,1992,29,26,2188,24.3,2,1,3,2,0,0,5,0,2.6,2.6,1.4,4.0,26,87,55,0.08,0.04,0.12,0.08,0.12,0.11,0.06,0.16,0.11,0.16,Matches,3312f911
453,Nélson Semedo,pt POR,DF,Wolves,29-150,1993,28,23,1958,21.8,0,1,1,0,0,0,9,1,0.3,0.3,0.7,1.0,39,85,117,0.00,0.05,0.05,0.00,0.05,0.01,0.03,0.04,0.01,0.04,Matches,d04b94db
454,Antoine Semenyo,gh GHA,FWMF,Bournemouth,23-098,2000,9,2,243,2.7,0,0,0,0,0,0,0,0,0.2,0.2,0.0,0.2,5,5,11,0.00,0.00,0.00,0.00,0.00,0.07,0.02,0.09,0.07,0.09,Matches,efd2ec23
455,Marcos Senesi,ar ARG,DF,Bournemouth,25-340,1997,25,24,2052,22.8,2,0,2,2,0,0,4,0,1.5,1.5,0.5,2.0,8,41,2,0.09,0.00,0.09,0.09,0.09,0.07,0.02,0.09,0.07,0.09,Matches,35141f4c
456,Ryan Sessegnon,eng ENG,DF,Tottenham,22-332,2000,17,9,813,9.0,2,0,2,2,0,0,4,0,1.6,1.6,1.1,2.7,24,22,64,0.22,0.00,0.22,0.22,0.22,0.18,0.12,0.30,0.18,0.30,Matches,6aa3e78b
457,Luke Shaw,eng ENG,DF,Manchester Utd,27-277,1995,24,23,1967,21.9,1,2,3,1,0,0,6,0,0.9,0.9,3.0,3.9,52,106,66,0.05,0.09,0.14,0.05,0.14,0.04,0.14,0.18,0.04,0.18,Matches,9c94165b
458,Jonjo Shelvey,eng ENG,MF,Newcastle Utd,31-047,1992,3,0,37,0.4,0,0,0,0,0,0,0,0,0.0,0.0,0.0,0.0,0,3,0,0.00,0.00,0.00,0.00,0.00,0.00,0.00,0.00,0.00,0.00,Matches,3727dd3c
459,Jonjo Shelvey,eng ENG,MF,Nott'ham Forest,31-047,1992,8,6,540,6.0,0,0,0,0,0,0,2,0,0.2,0.2,0.3,0.5,1,34,0,0.00,0.00,0.00,0.00,0.00,0.03,0.05,0.08,0.03,0.08,Matches,3727dd3c
460,Bernardo Silva,pt POR,MFFW,Manchester City,28-248,1994,27,20,1827,20.3,4,5,9,4,0,0,3,0,2.0,2.0,2.8,4.8,77,103,159,0.20,0.25,0.44,0.20,0.44,0.10,0.14,0.24,0.10,0.24,Matches,3eb22ec9
461,Thiago Silva,br BRA,DF,Chelsea,38-205,1984,21,20,1812,20.1,0,2,2,0,0,0,1,0,1.0,1.0,0.4,1.4,4,82,1,0.00,0.10,0.10,0.00,0.10,0.05,0.02,0.07,0.05,0.07,Matches,86e7deaf
462,Ellis Simms,eng ENG,FW,Everton,22-100,2001,8,2,197,2.2,1,0,1,1,0,0,0,0,0.9,0.9,0.1,0.9,2,4,16,0.46,0.00,0.46,0.46,0.46,0.39,0.03,0.42,0.39,0.42,Matches,26d3b5be
463,Luis Sinisterra,co COL,FW,Leeds United,23-302,1999,16,11,734,8.2,3,0,3,3,0,0,3,1,2.3,2.3,0.4,2.7,24,35,72,0.37,0.00,0.37,0.37,0.37,0.28,0.05,0.33,0.28,0.33,Matches,8e16dd48
464,Oliver Skipp,eng ENG,MF,Tottenham,22-211,2000,15,10,823,9.1,1,0,1,1,0,0,5,0,0.2,0.2,0.4,0.6,8,42,16,0.11,0.00,0.11,0.11,0.11,0.03,0.04,0.06,0.03,0.06,Matches,6250083a
465,Adam Smith,eng ENG,DF,Bournemouth,31-351,1991,29,29,2470,27.4,0,1,1,0,0,0,9,0,0.5,0.5,0.7,1.2,21,73,29,0.00,0.04,0.04,0.00,0.04,0.02,0.03,0.04,0.02,0.04,Matches,20b104bc
466,Emile Smith Rowe,eng ENG,FWMF,Arsenal,22-261,2000,9,0,122,1.4,0,1,1,0,0,0,0,0,0.3,0.3,0.6,0.9,2,4,11,0.00,0.74,0.74,0.00,0.74,0.19,0.45,0.64,0.19,0.64,Matches,17695062
467,Cédric Soares,pt POR,DF,Arsenal,31-227,1991,2,0,29,0.3,0,0,0,0,0,0,0,0,0.0,0.0,0.0,0.0,1,3,0,0.00,0.00,0.00,0.00,0.00,0.00,0.00,0.00,0.00,0.00,Matches,839c14e1
468,Cédric Soares,pt POR,DF,Fulham,31-227,1991,4,1,85,0.9,0,0,0,0,0,0,0,0,0.0,0.0,0.1,0.1,2,5,6,0.00,0.00,0.00,0.00,0.00,0.02,0.06,0.08,0.02,0.08,Matches,839c14e1
469,Dominic Solanke,eng ENG,FW,Bournemouth,25-213,1997,25,24,2144,23.8,4,4,8,4,0,0,1,0,7.5,7.5,2.5,10.1,45,31,125,0.17,0.17,0.34,0.17,0.34,0.32,0.11,0.42,0.32,0.42,Matches,e77dc3b2
470,Manor Solomon,il ISR,FW,Fulham,23-265,1999,11,3,416,4.6,4,0,4,4,0,0,0,0,1.0,1.0,0.3,1.3,9,19,38,0.87,0.00,0.87,0.87,0.87,0.22,0.06,0.29,0.22,0.29,Matches,886f9aac
471,Tomáš Souček,cz CZE,MF,West Ham,28-047,1995,29,25,2218,24.6,1,1,2,1,0,0,2,0,2.9,2.9,1.0,3.9,11,76,39,0.04,0.04,0.08,0.04,0.08,0.12,0.04,0.16,0.12,0.16,Matches,6613c819
472,Boubakary Soumaré,fr FRA,MF,Leicester City,24-047,1999,19,13,1014,11.3,0,0,0,0,0,0,5,0,0.0,0.0,0.2,0.3,12,45,12,0.00,0.00,0.00,0.00,0.00,0.00,0.02,0.02,0.00,0.02,Matches,ae59b359
473,Harry Souttar,au AUS,DF,Leicester City,24-175,1998,9,9,810,9.0,0,1,1,0,0,0,2,0,1.3,1.3,0.2,1.5,6,27,4,0.00,0.11,0.11,0.00,0.11,0.15,0.02,0.17,0.15,0.17,Matches,0a6cb1b1
474,Çağlar Söyüncü,tr TUR,DF,Leicester City,26-327,1996,2,1,79,0.9,0,0,0,0,0,0,1,0,0.0,0.0,0.0,0.0,1,3,0,0.00,0.00,0.00,0.00,0.00,0.00,0.00,0.00,0.00,0.00,Matches,21166ff4
475,Djed Spence,eng ENG,FWDF,Tottenham,22-249,2000,4,0,7,0.1,0,0,0,0,0,0,0,0,0.1,0.1,0.0,0.1,2,0,2,0.00,0.00,0.00,0.00,0.00,0.83,0.00,0.83,0.83,0.83,Matches,9bc9a519
476,Jack Stacey,eng ENG,DF,Bournemouth,27-009,1996,9,3,297,3.3,0,0,0,0,0,0,2,0,0.1,0.1,0.0,0.1,9,2,15,0.00,0.00,0.00,0.00,0.00,0.03,0.00,0.03,0.03,0.03,Matches,558807c0
477,Junior Stanislas,eng ENG,MF,Bournemouth,33-140,1989,4,0,61,0.7,0,0,0,0,0,0,0,0,0.0,0.0,0.1,0.2,0,4,5,0.00,0.00,0.00,0.00,0.00,0.05,0.19,0.25,0.05,0.25,Matches,6992791d
478,Jay Stansfield,eng ENG,FW,Fulham,20-142,2002,3,1,87,1.0,0,0,0,0,0,0,0,0,0.3,0.3,0.1,0.3,2,0,4,0.00,0.00,0.00,0.00,0.00,0.26,0.09,0.35,0.26,0.35,Matches,b2626673
479,Jason Steele,eng ENG,GK,Brighton,32-240,1990,6,6,540,6.0,0,1,1,0,0,0,1,0,0.0,0.0,0.1,0.1,0,0,0,0.00,0.17,0.17,0.00,0.17,0.00,0.01,0.01,0.00,0.01,Matches,28300a16
480,Jack Stephens,eng ENG,DF,Southampton,29-078,1994,2,0,46,0.5,0,0,0,0,0,0,0,0,0.0,0.0,0.0,0.0,3,3,0,0.00,0.00,0.00,0.00,0.00,0.00,0.00,0.00,0.00,0.00,Matches,6adbc307
481,Jack Stephens,eng ENG,DF,Bournemouth,29-078,1994,13,11,993,11.0,0,0,0,0,0,0,2,0,0.4,0.4,0.2,0.6,2,23,3,0.00,0.00,0.00,0.00,0.00,0.04,0.02,0.06,0.04,0.06,Matches,6adbc307
482,Raheem Sterling,eng ENG,FWMF,Chelsea,28-128,1994,21,17,1411,15.7,4,2,6,4,0,0,4,0,4.5,4.5,3.7,8.2,59,44,143,0.26,0.13,0.38,0.26,0.38,0.29,0.23,0.52,0.29,0.52,Matches,b400bde0
483,John Stones,eng ENG,DFMF,Manchester City,28-322,1994,17,16,1414,15.7,0,2,2,0,0,0,2,0,0.6,0.6,1.3,1.9,21,84,29,0.00,0.13,0.13,0.00,0.13,0.04,0.08,0.12,0.04,0.12,Matches,5eecec3d
484,Pascal Struijk,nl NED,DF,Leeds United,23-247,1999,24,23,1957,21.7,2,1,3,2,0,0,4,0,1.3,1.3,2.3,3.6,22,112,45,0.09,0.05,0.14,0.09,0.14,0.06,0.11,0.17,0.06,0.17,Matches,f4d296e4
485,Kamaldeen Sulemana,gh GHA,FWMF,Southampton,21-059,2002,10,7,625,6.9,0,0,0,0,0,0,1,0,0.8,0.8,0.4,1.1,19,25,58,0.00,0.00,0.00,0.00,0.00,0.11,0.06,0.16,0.11,0.16,Matches,a62f8bf1
486,Crysencio Summerville,nl NED,FW,Leeds United,21-167,2001,22,10,1108,12.3,4,2,6,4,0,0,3,0,2.5,2.5,1.3,3.8,46,36,68,0.32,0.16,0.49,0.32,0.49,0.21,0.11,0.31,0.21,0.31,Matches,df04eb4b
487,Sam Surridge,eng ENG,FW,Nott'ham Forest,24-261,1998,16,1,281,3.1,1,0,1,1,0,0,2,0,1.8,1.8,0.1,1.8,2,6,14,0.32,0.00,0.32,0.32,0.32,0.57,0.02,0.59,0.57,0.59,Matches,b017b770
488,Japhet Tanganga,eng ENG,DF,Tottenham,24-015,1999,3,2,142,1.6,0,0,0,0,0,0,0,0,0.0,0.0,0.0,0.0,1,5,2,0.00,0.00,0.00,0.00,0.00,0.00,0.00,0.00,0.00,0.00,Matches,e9971f2d
489,Matt Targett,eng ENG,DF,Newcastle Utd,27-209,1995,12,4,436,4.8,0,0,0,0,0,0,0,0,0.0,0.0,0.3,0.3,2,32,12,0.00,0.00,0.00,0.00,0.00,0.00,0.07,0.07,0.00,0.07,Matches,e514ab62
490,James Tarkowski,eng ENG,DF,Everton,30-147,1992,30,30,2700,30.0,1,1,2,1,0,0,6,0,2.1,2.1,1.8,3.9,11,81,7,0.03,0.03,0.07,0.03,0.07,0.07,0.06,0.13,0.07,0.13,Matches,15ea812b
491,Marcus Tavernier,eng ENG,MFFW,Bournemouth,24-024,1999,20,16,1498,16.6,4,4,8,4,0,0,1,0,2.6,2.6,2.4,5.0,52,40,111,0.24,0.24,0.48,0.24,0.48,0.16,0.14,0.30,0.16,0.30,Matches,5c0da4a4
492,Tetê,br BRA,FW,Leicester City,23-059,2000,9,7,514,5.7,1,0,1,1,0,0,0,0,1.3,1.3,0.1,1.4,19,19,39,0.18,0.00,0.18,0.18,0.18,0.23,0.02,0.25,0.23,0.25,Matches,7120a04d
493,Kenny Tete,nl NED,DF,Fulham,27-188,1995,23,21,1872,20.8,0,4,4,0,0,0,7,0,0.4,0.4,1.5,1.9,49,69,48,0.00,0.19,0.19,0.00,0.19,0.02,0.07,0.09,0.02,0.09,Matches,77d7c96f
494,Luke Thomas,eng ENG,DF,Leicester City,21-309,2001,11,8,722,8.0,0,0,0,0,0,0,1,0,0.1,0.1,0.6,0.7,7,37,7,0.00,0.00,0.00,0.00,0.00,0.01,0.08,0.09,0.01,0.09,Matches,fc027d02
495,Youri Tielemans,be BEL,MF,Leicester City,25-343,1997,23,19,1708,19.0,3,1,4,2,1,2,3,0,2.3,0.7,3.7,4.4,27,143,47,0.16,0.05,0.21,0.11,0.16,0.12,0.19,0.31,0.04,0.23,Matches,56f7a928
496,Kieran Tierney,sct SCO,DF,Arsenal,25-314,1997,21,4,534,5.9,0,1,1,0,0,0,0,0,0.3,0.3,0.3,0.6,21,29,24,0.00,0.17,0.17,0.00,0.17,0.05,0.06,0.11,0.05,0.11,Matches,fce2302c
497,Harry Toffolo,eng ENG,DF,Nott'ham Forest,27-239,1995,15,9,879,9.8,0,0,0,0,0,0,2,0,0.3,0.3,0.8,1.0,8,26,40,0.00,0.00,0.00,0.00,0.00,0.03,0.08,0.11,0.03,0.11,Matches,a105d46a
498,Takehiro Tomiyasu,jp JPN,DF,Arsenal,24-161,1998,21,6,663,7.4,0,1,1,0,0,0,2,0,0.2,0.2,0.6,0.8,14,51,28,0.00,0.14,0.14,0.00,0.14,0.03,0.08,0.11,0.03,0.11,Matches,b3af9be1
499,James Tomkins,eng ENG,DF,Crystal Palace,34-017,1989,5,3,337,3.7,1,0,1,1,0,0,3,1,1.0,1.0,0.0,1.0,1,2,1,0.27,0.00,0.27,0.27,0.27,0.27,0.00,0.27,0.27,0.27,Matches,e7ca0439
500,Ivan Toney,eng ENG,FW,Brentford,27-030,1996,28,28,2509,27.9,18,4,22,12,6,7,9,0,17.7,12.2,4.3,16.5,11,66,137,0.65,0.14,0.79,0.43,0.57,0.64,0.16,0.79,0.44,0.59,Matches,e09f279b
501,Adama Traoré,es ESP,FWMF,Wolves,27-080,1996,27,10,1257,14.0,2,1,3,2,0,0,0,0,1.2,1.2,3.5,4.7,71,32,138,0.14,0.07,0.21,0.14,0.21,0.09,0.25,0.34,0.09,0.34,Matches,9a28eba4
502,Bertrand Traoré,bf BFA,FWMF,Aston Villa,27-221,1995,4,0,122,1.4,2,0,2,2,0,0,0,0,0.6,0.6,0.1,0.7,6,3,17,1.48,0.00,1.48,1.48,1.48,0.47,0.05,0.52,0.47,0.52,Matches,c47541e0
503,Boubacar Traoré,ml MLI,MF,Wolves,21-238,2001,8,4,384,4.3,0,1,1,0,0,0,2,0,0.1,0.1,0.2,0.2,4,8,2,0.00,0.23,0.23,0.00,0.23,0.02,0.04,0.06,0.02,0.06,Matches,999ceb5f
504,Mark Travers,ie IRL,GK,Bournemouth,23-332,1999,11,10,945,10.5,0,0,0,0,0,0,0,0,0.0,0.0,0.0,0.0,0,0,0,0.00,0.00,0.00,0.00,0.00,0.00,0.00,0.00,0.00,0.00,Matches,fe558029
505,Kieran Trippier,eng ENG,DF,Newcastle Utd,32-208,1990,29,29,2553,28.4,1,6,7,1,0,0,5,0,0.7,0.7,9.0,9.7,26,188,118,0.04,0.21,0.25,0.04,0.25,0.03,0.32,0.34,0.03,0.34,Matches,21512407
506,Leandro Trossard,be BEL,FW,Arsenal,28-132,1994,12,7,554,6.2,1,7,8,1,0,0,0,0,1.4,1.4,3.6,5.0,26,31,73,0.16,1.14,1.30,0.16,1.30,0.22,0.59,0.81,0.22,0.81,Matches,38ceb24a
507,Leandro Trossard,be BEL,FWMF,Brighton,28-132,1994,16,16,1315,14.6,7,2,9,7,0,0,1,0,4.4,4.4,2.1,6.5,40,67,118,0.48,0.14,0.62,0.48,0.62,0.30,0.14,0.45,0.30,0.45,Matches,38ceb24a
508,Kostas Tsimikas,gr GRE,DF,Liverpool,26-338,1996,16,7,622,6.9,0,4,4,0,0,0,2,0,0.6,0.6,1.5,2.2,19,22,69,0.00,0.58,0.58,0.00,0.58,0.09,0.22,0.31,0.09,0.31,Matches,f315ca93
509,Deniz Undav,de GER,FWMF,Brighton,26-270,1996,13,2,258,2.9,0,0,0,0,0,0,0,0,2.2,2.2,0.7,2.9,3,3,22,0.00,0.00,0.00,0.00,0.00,0.77,0.25,1.02,0.77,1.02,Matches,dd549382
510,Yan Valery,tn TUN,DF,Southampton,24-052,1999,1,1,45,0.5,0,0,0,0,0,0,0,0,0.0,0.0,0.0,0.0,0,0,0,0.00,0.00,0.00,0.00,0.00,0.00,0.00,0.00,0.00,0.00,Matches,531a4aa8
511,Virgil van Dijk,nl NED,DF,Liverpool,31-281,1991,24,24,2115,23.5,3,0,3,3,0,0,2,0,2.2,2.2,0.2,2.4,10,94,6,0.13,0.00,0.13,0.13,0.13,0.09,0.01,0.10,0.09,0.10,Matches,e06683ca
512,Raphaël Varane,fr FRA,DF,Manchester Utd,29-355,1993,21,19,1651,18.3,0,0,0,0,0,0,1,0,0.7,0.7,0.2,0.9,16,53,3,0.00,0.00,0.00,0.00,0.00,0.04,0.01,0.05,0.04,0.05,Matches,9f8e9423
513,Jamie Vardy,eng ENG,FW,Leicester City,36-094,1987,29,13,1415,15.7,1,4,5,1,0,0,1,0,2.8,2.8,0.8,3.6,12,12,81,0.06,0.25,0.32,0.06,0.32,0.18,0.05,0.23,0.18,0.23,Matches,45963054
514,Joël Veltman,nl NED,DF,Brighton,31-090,1992,26,21,1963,21.8,1,1,2,1,0,0,2,0,1.7,1.7,0.5,2.2,42,142,46,0.05,0.05,0.09,0.05,0.09,0.08,0.02,0.10,0.08,0.10,Matches,dad4b285
515,Fabio Vieira,pt POR,MFFW,Arsenal,22-320,2000,18,2,415,4.6,1,2,3,1,0,0,0,0,0.7,0.7,2.3,3.1,5,27,34,0.22,0.43,0.65,0.22,0.65,0.16,0.51,0.67,0.16,0.67,Matches,6412cc03
516,Matías Viña,uy URU,MFDF,Bournemouth,25-157,1997,4,0,20,0.2,0,0,0,0,0,0,0,0,0.0,0.0,0.0,0.0,1,1,1,0.00,0.00,0.00,0.00,0.00,0.00,0.00,0.00,0.00,0.00,Matches,08eb3b58
517,Rúben Vinagre,pt POR,DFMF,Everton,24-006,1999,2,0,26,0.3,0,0,0,0,0,0,0,0,0.0,0.0,0.0,0.0,2,0,1,0.00,0.00,0.00,0.00,0.00,0.00,0.00,0.00,0.00,0.00,Matches,b937e490
518,Carlos Vinícius,br BRA,FW,Fulham,28-021,1995,20,7,742,8.2,2,1,3,2,0,0,3,0,1.7,1.7,0.6,2.3,4,8,31,0.24,0.12,0.36,0.24,0.36,0.20,0.07,0.27,0.20,0.27,Matches,8b529245
519,Theo Walcott,eng ENG,FWMF,Southampton,34-030,1989,12,6,618,6.9,1,1,2,1,0,0,1,0,1.2,1.2,0.8,2.0,10,3,34,0.15,0.15,0.29,0.15,0.29,0.18,0.12,0.30,0.18,0.30,Matches,1ecb65be
520,Kyle Walker,eng ENG,DF,Manchester City,32-322,1990,18,14,1201,13.3,0,0,0,0,0,0,2,0,0.4,0.4,0.2,0.5,30,111,34,0.00,0.00,0.00,0.00,0.00,0.03,0.01,0.04,0.03,0.04,Matches,86dd77d1
521,Kyle Walker-Peters,eng ENG,DF,Southampton,26-002,1997,23,22,1930,21.4,1,0,1,1,0,0,2,0,0.8,0.8,1.0,1.9,74,70,89,0.05,0.00,0.05,0.05,0.05,0.04,0.05,0.09,0.04,0.09,Matches,984a5a64
522,Aaron Wan-Bissaka,eng ENG,DF,Manchester Utd,25-140,1997,12,9,829,9.2,0,0,0,0,0,0,0,0,0.8,0.8,0.8,1.6,24,32,36,0.00,0.00,0.00,0.00,0.00,0.09,0.09,0.18,0.09,0.18,Matches,9e525177
523,Danny Ward,wls WAL,GK,Leicester City,29-297,1993,26,26,2340,26.0,0,0,0,0,0,0,0,0,0.0,0.0,0.0,0.0,0,0,0,0.00,0.00,0.00,0.00,0.00,0.00,0.00,0.00,0.00,0.00,Matches,d3ce0e89
524,Joel Ward,eng ENG,DF,Crystal Palace,33-168,1989,20,17,1581,17.6,0,0,0,0,0,0,5,0,0.1,0.1,0.1,0.2,8,63,31,0.00,0.00,0.00,0.00,0.00,0.00,0.00,0.01,0.00,0.01,Matches,8a7ff278
525,James Ward-Prowse,eng ENG,MF,Southampton,28-165,1994,30,30,2700,30.0,7,2,9,6,1,3,5,0,4.8,2.3,5.3,7.5,18,170,45,0.23,0.07,0.30,0.20,0.27,0.16,0.18,0.33,0.08,0.25,Matches,3515d404
526,Ollie Watkins,eng ENG,FW,Aston Villa,27-106,1995,29,28,2413,26.8,12,5,17,11,1,1,2,0,12.2,11.4,2.9,14.3,42,35,151,0.45,0.19,0.63,0.41,0.60,0.45,0.11,0.56,0.43,0.53,Matches,aed3a70f
527,Adam Webster,eng ENG,DF,Brighton,28-101,1995,22,18,1610,17.9,0,0,0,0,0,0,1,0,1.6,1.6,0.1,1.7,16,91,7,0.00,0.00,0.00,0.00,0.00,0.09,0.01,0.09,0.09,0.09,Matches,c40b6180
528,Wout Weghorst,nl NED,FWMF,Manchester Utd,30-251,1992,10,9,625,6.9,0,1,1,0,0,0,0,0,1.3,1.3,0.8,2.2,1,14,33,0.00,0.14,0.14,0.00,0.14,0.19,0.12,0.31,0.19,0.31,Matches,c4e87b8b
529,Danny Welbeck,eng ENG,FW,Brighton,32-140,1990,22,16,1423,15.8,3,2,5,3,0,0,0,0,6.5,6.5,2.6,9.1,21,33,106,0.19,0.13,0.32,0.19,0.32,0.41,0.17,0.57,0.41,0.57,Matches,ce5143da
530,Ben White,eng ENG,DF,Arsenal,25-189,1997,30,28,2335,25.9,2,3,5,2,0,0,5,0,1.3,1.3,2.1,3.4,52,196,99,0.08,0.12,0.19,0.08,0.19,0.05,0.08,0.13,0.05,0.13,Matches,35e413f1
531,Harvey White,eng ENG,MF,Tottenham,21-208,2001,1,0,5,0.1,0,0,0,0,0,0,0,0,0.0,0.0,0.0,0.0,0,0,1,0.00,0.00,0.00,0.00,0.00,0.00,0.00,0.00,0.00,0.00,Matches,4d90ce8c
532,Joseph Whitworth,eng ENG,GK,Crystal Palace,19-045,2004,2,2,180,2.0,0,0,0,0,0,0,0,0,0.0,0.0,0.0,0.0,0,0,0,0.00,0.00,0.00,0.00,0.00,0.00,0.00,0.00,0.00,0.00,Matches,3f847d95
533,Neco Williams,wls WAL,DF,Nott'ham Forest,22-002,2001,28,17,1638,18.2,0,0,0,0,0,0,5,0,1.1,1.1,1.3,2.4,42,32,65,0.00,0.00,0.00,0.00,0.00,0.06,0.07,0.13,0.06,0.13,Matches,dd323728
534,Willian,br BRA,FW,Fulham,34-249,1988,20,18,1543,17.1,3,2,5,3,0,0,2,0,2.5,2.5,2.7,5.2,67,81,101,0.17,0.12,0.29,0.17,0.29,0.15,0.16,0.30,0.15,0.30,Matches,8b9ebd03
535,Joe Willock,eng ENG,MF,Newcastle Utd,23-238,1999,28,24,2004,22.3,3,4,7,3,0,0,1,0,5.8,5.8,4.1,9.8,74,94,116,0.13,0.18,0.31,0.13,0.31,0.26,0.18,0.44,0.26,0.44,Matches,a3b03921
536,Callum Wilson,eng ENG,FW,Newcastle Utd,31-047,1992,22,16,1358,15.1,10,4,14,9,1,1,3,0,10.4,9.6,2.1,11.7,21,17,90,0.66,0.27,0.93,0.60,0.86,0.69,0.14,0.83,0.63,0.78,Matches,c596fcb0
537,Harry Wilson,wls WAL,FW,Fulham,26-024,1997,20,4,462,5.1,0,0,0,0,0,0,1,0,1.1,1.1,0.2,1.3,8,16,40,0.00,0.00,0.00,0.00,0.00,0.21,0.04,0.25,0.21,0.25,Matches,c6dc9ecd
538,Yoane Wissa,cd COD,FW,Brentford,26-224,1996,30,12,1215,13.5,5,2,7,5,0,0,2,0,3.9,3.9,2.2,6.1,17,24,83,0.37,0.15,0.52,0.37,0.52,0.29,0.16,0.45,0.29,0.45,Matches,2500cef9
539,Maximilian Wöber,at AUT,DF,Leeds United,25-070,1998,10,9,790,8.8,0,0,0,0,0,0,1,0,0.6,0.6,0.5,1.1,7,36,3,0.00,0.00,0.00,0.00,0.00,0.06,0.06,0.12,0.06,0.12,Matches,4b803b3c
540,Chris Wood,nz NZL,FW,Newcastle Utd,31-129,1991,18,4,446,5.0,2,0,2,1,1,1,0,0,1.8,1.0,0.3,1.3,1,4,23,0.40,0.00,0.40,0.20,0.20,0.37,0.06,0.43,0.21,0.27,Matches,4e9a0555
541,Chris Wood,nz NZL,FW,Nott'ham Forest,31-129,1991,7,5,372,4.1,1,0,1,1,0,0,0,0,1.0,1.0,0.2,1.2,2,7,12,0.24,0.00,0.24,0.24,0.24,0.23,0.05,0.28,0.23,0.28,Matches,4e9a0555
542,Joe Worrall,eng ENG,DF,Nott'ham Forest,26-095,1997,23,17,1699,18.9,1,0,1,1,0,0,6,0,0.5,0.5,0.6,1.2,5,54,1,0.05,0.00,0.05,0.05,0.05,0.03,0.03,0.06,0.03,0.06,Matches,a5212312
543,Granit Xhaka,ch SUI,MF,Arsenal,30-200,1992,30,29,2469,27.4,5,5,10,5,0,0,4,0,3.0,3.0,4.4,7.4,34,175,154,0.18,0.18,0.36,0.18,0.36,0.11,0.16,0.27,0.11,0.27,Matches,e61b8aee
544,Ryan Yates,eng ENG,MF,Nott'ham Forest,25-145,1997,21,17,1494,16.6,0,2,2,0,0,0,4,0,2.2,2.2,1.2,3.4,10,37,23,0.00,0.12,0.12,0.00,0.12,0.13,0.07,0.20,0.13,0.20,Matches,c1fe2a48
545,Ashley Young,eng ENG,DF,Aston Villa,37-280,1985,22,17,1542,17.1,1,0,1,1,0,0,3,0,0.2,0.2,0.9,1.1,22,89,30,0.06,0.00,0.06,0.06,0.06,0.01,0.05,0.06,0.01,0.06,Matches,be927d03
546,Illia Zabarnyi,ua UKR,DF,Bournemouth,20-226,2002,1,0,6,0.1,0,0,0,0,0,0,0,0,0.0,0.0,0.0,0.0,0,0,0,0.00,0.00,0.00,0.00,0.00,0.00,0.00,0.00,0.00,0.00,Matches,88968486
547,Wilfried Zaha,ci CIV,FWMF,Crystal Palace,30-156,1992,24,24,2065,22.9,6,2,8,6,0,2,4,0,5.9,4.2,2.5,6.7,70,60,212,0.26,0.09,0.35,0.26,0.35,0.26,0.11,0.37,0.18,0.29,Matches,b2bc3b1f
548,Denis Zakaria,ch SUI,MF,Chelsea,26-146,1996,6,4,338,3.8,0,0,0,0,0,0,0,0,0.2,0.2,0.0,0.2,9,6,3,0.00,0.00,0.00,0.00,0.00,0.05,0.01,0.06,0.05,0.06,Matches,384d58d9
549,Jordan Zemura,zw ZIM,DF,Bournemouth,23-152,1999,19,17,1454,16.2,0,1,1,0,0,0,1,0,0.4,0.4,1.9,2.2,39,45,48,0.00,0.06,0.06,0.00,0.06,0.02,0.11,0.14,0.02,0.14,Matches,e8271ad9
550,Oleksandr Zinchenko,ua UKR,DF,Arsenal,26-121,1996,23,22,1825,20.3,1,2,3,1,0,0,2,0,1.3,1.3,1.4,2.7,63,200,60,0.05,0.10,0.15,0.05,0.15,0.07,0.07,0.13,0.07,0.13,Matches,51cf8561
551,Hakim Ziyech,ma MAR,FWMF,Chelsea,30-027,1993,13,6,572,6.4,0,1,1,0,0,0,1,0,0.6,0.6,1.4,2.0,13,35,56,0.00,0.16,0.16,0.00,0.16,0.09,0.22,0.31,0.09,0.31,Matches,6622454d
552,Kurt Zouma,fr FRA,DF,West Ham,28-170,1994,20,19,1656,18.4,2,0,2,2,0,0,0,0,2.1,2.1,0.1,2.2,1,24,1,0.11,0.00,0.11,0.11,0.11,0.11,0.00,0.12,0.11,0.12,Matches,ce4246f5
553,Martin Ødegaard,no NOR,MF,Arsenal,24-119,1998,29,29,2469,27.4,10,7,17,10,0,0,4,0,8.2,8.2,6.9,15.1,68,212,155,0.36,0.26,0.62,0.36,0.62,0.30,0.25,0.55,0.30,0.55,Matches,79300479